{"graph": {"_type": "graph-file", "sha256": "388f45f35ac858afc4494f41b32c665836aee6d53bb9c75ea1831a22930cc303", "size": 3203, "path": "media/graph/graph_summary_388f45f35ac858afc449.graph.json"}, "epoch": 4, "_timestamp": 1764409871.66097, "loss": 1.2965061664581299, "output_steps_loss": 1.2404181957244873, "output_success_loss": 0.11217757314443588, "output_success_accuracy": 0.9674383401870728, "val_loss": 1.3004326820373535, "val_output_steps_loss": 1.2448582649230957, "val_output_success_loss": 0.11114869266748428, "val_output_success_accuracy": 0.9677353501319885, "_runtime": 388.8738958835602, "_step": 4, "best_val_loss": 1.290167212486267, "best_epoch": 2}