{"test_smart_acc":0.8791332263242375,"_timestamp":1.7651146189590487e+09,"val_smart_acc":0.8603968172659905,"val_output_success_accuracy":0.9724754691123962,"optimal_threshold":0.6900000000000002,"_runtime":178,"test_rmse":1.025446485178602,"val_output_steps_loss":0.8499566316604614,"_wandb":{"runtime":178},"test_neg_rec":0.6069364161849711,"loss":0.7604016065597534,"val_output_success_loss":0.01573038287460804,"val_neg_rec":0.6009913258983891,"_step":28,"output_steps_loss":0.9109571576118469,"output_success_accuracy":0.9608400464057922,"val_loss":0.7094443440437317,"val_mae":0.8489359021186829,"test_auc":0.861736432599362,"test_mae":0.815341591835022,"output_success_loss":0.017694726586341858,"val_rmse":1.056548955470058,"val_auc":0.8357126930341392}