{"val_mae": 0.907521665096283, "val_rmse": 1.1156888927467905, "val_accuracy": 0.9678262846748522, "val_auc": 0.8669891574457544, "val_large_error_rate": 0.18300490121772522, "test_mae": 0.907915472984314, "test_rmse": 1.115543195786678, "test_accuracy": 0.9678099443940569, "test_auc": 0.8691326481159256, "test_large_error_rate": 0.18177534794768344, "_timestamp": 1764207404.193494, "_runtime": 110.74553108215332, "_step": 0}