{"val_mae":0.9563697576522827,"test_mae":1.009563684463501,"test_large_error_rate":0.23435256962388745,"epoch":13,"test_accuracy":0.9752368647717485,"val_large_error_rate":0.19466515323496028,"val_output_success_accuracy":0.9719069004058838,"_wandb":{"runtime":41},"val_loss":1.1344568729400635,"test_rmse":1.2520746181055662,"output_success_loss":0.025629984214901924,"val_output_success_loss":0.021119268611073494,"val_accuracy":0.9719069239500567,"loss":1.2590019702911377,"val_auc":0.8472804689228046,"_timestamp":1.7646357797082367e+09,"val_output_steps_loss":1.0233136415481567,"test_auc":0.7513976221942757,"_runtime":41,"_step":18,"loss_curve":{"format":"png","width":3570,"height":1765,"_type":"image-file","sha256":"5187dc93f4024ed2c09fe8194e8521a0c19cbf593b4f97708dd8c4ace73f737e","size":204162,"path":"media/images/loss_curve_13_5187dc93f4024ed2c09f.png"},"test_roc_curve":{"_type":"image-file","sha256":"4587662060d1f845b5cea864ff7447a716068332655cc87cde7ba86afeabd4ae","size":129869,"path":"media/images/test_roc_curve_17_4587662060d1f845b5ce.png","format":"png","width":2107,"height":1638},"output_success_accuracy":0.9618327021598816,"val_rmse":1.1807752735147719,"validation_roc_curve":{"sha256":"2fdd47a3e51cce873b850dfa930dd729bd9748d4c80cdf8ba472b1a0f45b332b","size":117989,"path":"media/images/validation_roc_curve_15_2fdd47a3e51cce873b85.png","format":"png","width":2107,"height":1638,"_type":"image-file"},"output_steps_loss":1.1421682834625244}