{"output_steps_loss":1.224562644958496,"output_success_accuracy":0.9678533673286438,"loss":1.2889174222946167,"val_loss":1.1161103248596191,"val_auc":0.6930555414607414,"loss_curve":{"_type":"image-file","sha256":"da6f7b96f12324b7f8ab7d4acae0b61dcb4ad5ea5bdb64e90c31e5ee00bd7002","size":181011,"path":"media/images/loss_curve_14_da6f7b96f12324b7f8ab.png","format":"png","width":3570,"height":1765},"test_accuracy":0.9743631436314363,"val_mae":0.8049575090408325,"_wandb":{"runtime":67},"test_mae":0.8355400562286377,"val_output_success_loss":0.08271442353725433,"_timestamp":1.764579066532545e+09,"test_rmse":1.0336547326099506,"val_accuracy":0.9762135922330097,"val_large_error_rate":0.1429611650485437,"val_rmse":1.0085328359256018,"output_success_loss":0.12871704995632172,"test_auc":0.6954121316161442,"_runtime":67,"validation_roc_curve":{"_type":"image-file","sha256":"3c777f28fe870ee2d16103915b07e60b0283415c5c85b63184443aec50a667b8","size":125029,"path":"media/images/validation_roc_curve_16_3c777f28fe870ee2d161.png","format":"png","width":2107,"height":1638},"_step":19,"test_roc_curve":{"sha256":"e32fdeef47bd85ef3c5a0805411a10e2db58cde5625164e68fb662852b892f6c","size":144228,"path":"media/images/test_roc_curve_18_e32fdeef47bd85ef3c5a.png","format":"png","width":2107,"height":1638,"_type":"image-file"},"val_output_steps_loss":1.071508526802063,"val_output_success_accuracy":0.9762135744094849,"test_large_error_rate":0.148130081300813,"epoch":14}