{"validation_roc_curve":{"size":122901,"path":"media/images/validation_roc_curve_12_59cd66b7403156526dd9.png","format":"png","width":2107,"height":1638,"_type":"image-file","sha256":"59cd66b7403156526dd9e3926a0e26df54a644af5f41a41122e6b73b4c583a4d"},"test_large_error_rate":0.15132791327913278,"test_mae":0.8409130573272705,"test_roc_curve":{"size":140544,"path":"media/images/test_roc_curve_14_b95fab257523e7d627f8.png","format":"png","width":2107,"height":1638,"_type":"image-file","sha256":"b95fab257523e7d627f8b23e477d2cd411d35eef9b77adbc8b6ca45339427215"},"epoch":10,"val_large_error_rate":0.14563106796116504,"output_success_loss":0.11535894870758057,"val_loss":1.0896358489990234,"test_accuracy":0.9743631436314363,"_timestamp":1.7645769467033863e+09,"val_output_steps_loss":1.044579267501831,"val_auc":0.795136950851947,"loss":1.2704548835754395,"_runtime":55,"output_success_accuracy":0.9678615927696228,"val_output_success_loss":0.07543975114822388,"_wandb":{"runtime":55},"val_accuracy":0.9762135922330097,"output_steps_loss":1.2127976417541504,"test_rmse":1.041969992661348,"val_mae":0.8087059855461121,"val_output_success_accuracy":0.9762135744094849,"_step":15,"test_auc":0.8117130169028525,"loss_curve":{"_type":"image-file","sha256":"9b25684957bea55b59f05271ab702f0b135cc093022a3fd2bc10007f42536ec2","size":182706,"path":"media/images/loss_curve_10_9b25684957bea55b59f0.png","format":"png","width":3570,"height":1765},"val_rmse":1.0145526212917366}