{"val_auc":0.8692195284169822,"val_loss":0.3197406828403473,"test_scatter":{"_type":"image-file","sha256":"73d836d6e9e9211b7a183553e5c9b05f90011c57e212270c74cdb29c185a8ded","size":400360,"path":"media/images/test_scatter_32_73d836d6e9e9211b7a18.png","format":"png","width":2766,"height":2364},"_step":33,"val_rmse":1.0567303688169778,"validation_scatter":{"height":2364,"_type":"image-file","sha256":"6bec12fddd2f74b1215dcd074481b5bcfcc82354d582c42315c6f3b8bf314728","size":432845,"path":"media/images/validation_scatter_30_6bec12fddd2f74b1215d.png","format":"png","width":2766},"output_success_accuracy":0.965646505355835,"output_success_loss":0.11594725400209427,"test_mae":0.8223482370376587,"val_output_steps_loss":1.1175892353057861,"val_accuracy":0.9731243383533108,"val_output_success_loss":0.09688661247491837,"loss":0.4000643193721771,"_wandb":{"runtime":2440},"val_mae":0.8556504845619202,"test_large_error_rate":0.14157303370786517,"_timestamp":1.7650167773122084e+09,"val_output_success_accuracy":0.9726462364196777,"epoch":29,"test_accuracy":0.9731942215088283,"validation_roc_curve":{"sha256":"523d7528789498cdb63a7e605b552a9ad1b40f2649be21a01717537cc4f7332d","size":138816,"path":"media/images/validation_roc_curve_30_523d7528789498cdb63a.png","format":"png","width":2107,"height":1638,"_type":"image-file"},"test_rmse":1.027696208179914,"test_roc_curve":{"size":128859,"path":"media/images/test_roc_curve_32_195432eb2cb689f866ea.png","format":"png","width":2107,"height":1638,"_type":"image-file","sha256":"195432eb2cb689f866ea8a3386e143b8ad96d5bdbe0519464a47efc106f485f2"},"output_steps_loss":1.4205381870269775,"test_auc":0.881897503581105,"val_large_error_rate":0.15579004883379435,"_runtime":2440}