{"output_success_accuracy":0.9646474719047546,"val_mae":0.8507959842681885,"output_steps_loss":1.357331395149231,"test_large_error_rate":0.18307263126432202,"val_rmse":1.061041447936362,"test_auc":0.23370886678949812,"test_rmse":1.1303482086303787,"test_mae":0.9085170030593872,"val_output_success_accuracy":0.9737539887428284,"output_success_loss":0.16571815311908722,"test_roc_curve":{"_type":"image-file","sha256":"0fc50ee42c15f4f53eb49521ebd9dd3b7c0ca93f54f162ce6d94652b5e20d3b1","size":141392,"path":"media/images/test_roc_curve_9_0fc50ee42c15f4f53eb4.png","format":"png","width":2107,"height":1638},"loss":1.4399408102035522,"test_accuracy":0.9762379196971207,"val_large_error_rate":0.15668080593849418,"validation_roc_curve":{"height":1638,"_type":"image-file","sha256":"3883837e5fdd6469ce3d52fdb2bc56eb2163b374578e619195867786acaefac6","size":125129,"path":"media/images/validation_roc_curve_7_3883837e5fdd6469ce3d.png","format":"png","width":2107},"val_auc":0.15947248141639644,"val_output_success_loss":0.12970919907093048,"_timestamp":1.7645897955732706e+09,"val_accuracy":0.9737539766702015,"val_output_steps_loss":1.4020214080810547,"_runtime":78,"val_loss":1.4620355367660522,"_wandb":{"runtime":78},"epoch":5,"loss_curve":{"height":1765,"_type":"image-file","sha256":"fc1c93e751e11df76fc8b85bec87b53e740904cb6f5bee36c0d47fbcae8cf24b","size":192933,"path":"media/images/loss_curve_5_fc1c93e751e11df76fc8.png","format":"png","width":3570},"_step":10}