{"validation_roc_curve":{"height":1638,"_type":"image-file","sha256":"3ab6db8eca9ffcc306c84944c3bbe879138e612a6ce41da65206d4a95588efbb","size":110540,"path":"media/images/validation_roc_curve_16_3ab6db8eca9ffcc306c8.png","format":"png","width":2107},"epoch":14,"_step":19,"_runtime":46,"loss_curve":{"width":3570,"height":1765,"_type":"image-file","sha256":"6bcc2c547924c74506a1113a7de3112953f1cca7530d88f9f6ab453059392a2c","size":177220,"path":"media/images/loss_curve_14_6bcc2c547924c74506a1.png","format":"png"},"output_success_loss":0.02077893167734146,"val_mae":0.8191370964050293,"val_auc":0.8773914325739143,"val_output_success_accuracy":0.9723325967788696,"val_rmse":1.0175657070229573,"test_rmse":1.0778623067397544,"val_accuracy":0.9719069239500567,"val_output_steps_loss":1.067913293838501,"val_large_error_rate":0.14401248581157775,"test_mae":0.8699330687522888,"val_loss":0.5879887342453003,"test_auc":0.7897017929542626,"val_output_success_loss":0.01587284728884697,"test_roc_curve":{"size":129724,"path":"media/images/test_roc_curve_18_2bd4ec87588b98c86244.png","format":"png","width":2107,"height":1638,"_type":"image-file","sha256":"2bd4ec87588b98c8624464046e8a4f7169d62fe0609fa98339672bec0c24b456"},"_timestamp":1.7646016710561516e+09,"test_large_error_rate":0.1652311225954637,"output_success_accuracy":0.960109531879425,"_wandb":{"runtime":46},"output_steps_loss":1.3926055431365967,"test_accuracy":0.9752368647717485,"loss":0.7548500895500183}