{"graph": {"_type": "graph-file", "sha256": "6d8410d718c9efbad9b0383d069df0da90e0ea0a6b4eaead1a5cae2345189106", "size": 2512, "path": "media/graph/graph_summary_6d8410d718c9efbad9b0.graph.json"}, "epoch": 9, "_timestamp": 1764134508.8338885, "loss": 1.339852213859558, "output_steps_loss": 1.281389594078064, "output_success_loss": 0.11692363023757935, "output_success_accuracy": 0.964562177658081, "val_loss": 1.6018532514572144, "val_output_steps_loss": 1.5428779125213623, "val_output_success_loss": 0.11795128136873245, "val_output_success_accuracy": 0.9640575051307678, "_runtime": 1756.2322416305542, "_step": 12, "best_val_loss": 1.5292134284973145, "best_epoch": 3, "loss_curve": {"_type": "image-file", "sha256": "4ef19d6352fe3cf887b69a9cbe8a67066e630d0dd46f9177da9d1dc0a82bb92e", "size": 214568, "path": "media/images/loss_curve_10_4ef19d6352fe3cf887b6.png", "format": "png", "width": 3568, "height": 1767}, "val_mae": 1.012073278427124, "val_rmse": 1.2421262714002885, "val_accuracy": 0.9640575329151229, "val_auc": 0.875381541855238, "large_error_rate": 0.24088006990980387, "prediction_trends": {"_type": "image-file", "sha256": "c045011e1b309a6693fa5a4a82d9d8b06a104ae6e804e3cb20ff5e32f1aed635", "size": 323240, "path": "media/images/prediction_trends_12_c045011e1b309a6693fa.png", "format": "png", "width": 3569, "height": 1765}, "_wandb": {"runtime": 1754}}