{"validation_roc_curve":{"sha256":"85712618d251bef911da7d0af56cd55451b0b40e376e0d511874325347ec0ecd","size":111272,"path":"media/images/validation_roc_curve_21_85712618d251bef911da.png","format":"png","width":2107,"height":1638,"_type":"image-file"},"output_success_accuracy":0.9595804214477539,"val_output_success_loss":0.015272995457053185,"output_steps_loss":1.2982635498046875,"val_mae":0.8164387941360474,"test_accuracy":0.9743755383290267,"_timestamp":1.7646030261964293e+09,"val_output_success_accuracy":0.9721906781196594,"test_large_error_rate":0.17054263565891473,"_step":24,"val_auc":0.8712054855120548,"val_rmse":1.0183772429027982,"test_rmse":1.0891016686290567,"val_large_error_rate":0.14585698070374575,"test_auc":0.7853300736104312,"test_roc_curve":{"_type":"image-file","sha256":"e611044882d893889b2ad6ccef0b795c9730a8b44e664421f101c3229d5b5230","size":128899,"path":"media/images/test_roc_curve_23_e611044882d893889b2a.png","format":"png","width":2107,"height":1638},"loss":0.7008218169212341,"val_output_steps_loss":1.0404376983642578,"_runtime":51,"val_accuracy":0.9721906923950057,"loss_curve":{"height":1765,"_type":"image-file","sha256":"54833917753f639b8b7739fc1fc9176c94c97496bfd73f6031dd951f387691a8","size":181715,"path":"media/images/loss_curve_19_54833917753f639b8b77.png","format":"png","width":3570},"test_mae":0.8754595518112183,"val_loss":0.5676239132881165,"_wandb":{"runtime":51},"epoch":19,"output_success_loss":0.019499879330396652}