{"_runtime":432,"val_large_error_rate":0.18548077408923247,"test_auc":0.8500591458597004,"val_rmse":1.1204117883926217,"_timestamp":1.7644843895571182e+09,"test_rmse":1.1202285032825448,"val_mae":0.9138601422309875,"loss_curve":{"sha256":"f682b6c94dcb6192212b6a2c4b1bbf746efa9917e2f65efdee6c69f09eabfe04","size":173303,"path":"media/images/loss_curve_0_f682b6c94dcb6192212b.png","format":"png","width":3569,"height":1767,"_type":"image-file"},"val_accuracy":0.9669496235662675,"_wandb":{"runtime":432},"_step":2,"prediction_trends":{"width":3569,"height":1765,"_type":"image-file","sha256":"f1aa39779caf441f3f9e66f0524a901204e601a24c28d3fcbce5b3b9b2ce07bc","size":301548,"path":"media/images/prediction_trends_2_f1aa39779caf441f3f9e.png","format":"png"},"test_large_error_rate":0.18497376339304888,"test_mae":0.9143813848495483,"val_auc":0.8476164838950504,"test_accuracy":0.9669547598535702}