{"graph": {"_type": "graph-file", "sha256": "481fe75388a33289f9654a9a94fe48521b13d48cdb049cbe734577ed898be6d9", "size": 2512, "path": "media/graph/graph_summary_481fe75388a33289f965.graph.json"}, "epoch": 14, "_timestamp": 1764162420.9580762, "loss": 1.2837324142456055, "output_steps_loss": 1.2292927503585815, "output_success_loss": 0.10888031870126724, "output_success_accuracy": 0.9678938388824463, "val_loss": 1.672341227531433, "val_output_steps_loss": 1.6172579526901245, "val_output_success_loss": 0.11016812920570374, "val_output_success_accuracy": 0.9678186774253845, "_runtime": 2428.8020792007446, "_step": 17, "best_val_loss": 1.5721648931503296, "best_epoch": 0, "loss_curve": {"_type": "image-file", "sha256": "dc3aedf4f3ae318065ff68c0a5e71d77f7812ba811e5cbcc498b7e460cd99495", "size": 180935, "path": "media/images/loss_curve_15_dc3aedf4f3ae318065ff.png", "format": "png", "width": 3569, "height": 1767}, "val_mae": 1.0361100435256958, "val_rmse": 1.2717145251513151, "val_accuracy": 0.9678187054721843, "val_auc": 0.8744082049013081, "val_large_error_rate": 0.2575135162447577, "test_mae": 1.0365328788757324, "test_rmse": 1.2715836587281268, "test_accuracy": 0.9678251027610966, "test_auc": 0.8759185279187741, "test_large_error_rate": 0.25880511645415477, "prediction_trends": {"_type": "image-file", "sha256": "ed49bc45d76d3429f69590fa440f00c75b07aa040db1ec8da4dc24632af11583", "size": 291683, "path": "media/images/prediction_trends_17_ed49bc45d76d3429f695.png", "format": "png", "width": 3569, "height": 1765}, "_wandb": {"runtime": 2427}}