{"val_mae": 0.9164091944694519, "val_rmse": 1.1247314026518807, "val_accuracy": 0.9663736041635087, "val_auc": 0.8484670518574953, "val_large_error_rate": 0.18693345460057603, "test_mae": 0.916763186454773, "test_rmse": 1.1243283067966552, "test_accuracy": 0.9665012720396341, "test_auc": 0.8502902366139494, "test_large_error_rate": 0.18630643649528447, "_timestamp": 1764296709.3604004, "_runtime": 140.10636949539185, "_step": 1, "prediction_trends": {"_type": "image-file", "sha256": "2555b148e1018a3792a8b658dc7623b74db30afa10c7de9908191ebd9455c879", "size": 325210, "path": "media/images/prediction_trends_1_2555b148e1018a3792a8.png", "format": "png", "width": 3569, "height": 1765}, "_wandb": {"runtime": 138}}