{"test_mae":0.868691086769104,"output_success_loss":0.020920543000102043,"_timestamp":1.7646023258572156e+09,"output_steps_loss":1.417938232421875,"val_rmse":1.0158817846954804,"output_success_accuracy":0.9585007429122925,"test_accuracy":0.9752368647717485,"test_auc":0.7847587954385213,"val_accuracy":0.9719069239500567,"val_mae":0.8170564770698547,"_step":18,"val_output_steps_loss":1.0399693250656128,"_wandb":{"runtime":39},"val_output_success_accuracy":0.9723325967788696,"_runtime":39,"val_loss":0.5496971607208252,"loss_curve":{"sha256":"304bd43f530a59a24616d349118029ebddf577e72490620aef8ece7338e15e1e","size":176240,"path":"media/images/loss_curve_13_304bd43f530a59a24616.png","format":"png","width":3570,"height":1765,"_type":"image-file"},"epoch":13,"loss":0.7434195876121521,"test_rmse":1.0772458790673511,"test_large_error_rate":0.16559000861326442,"val_auc":0.8737875101378751,"test_roc_curve":{"format":"png","width":2107,"height":1638,"_type":"image-file","sha256":"8e6bfc2f638eb51cdbdabcd68f8e21c4d3e602063a81cb8ca0c964ea27fe163f","size":129339,"path":"media/images/test_roc_curve_17_8e6bfc2f638eb51cdbda.png"},"val_output_success_loss":0.01571790687739849,"validation_roc_curve":{"sha256":"d4873a5cc6ce21e59986ba8f283fe84080664193258959ef39c77acf0c182269","size":110468,"path":"media/images/validation_roc_curve_15_d4873a5cc6ce21e59986.png","format":"png","width":2107,"height":1638,"_type":"image-file"},"val_large_error_rate":0.14301929625425652}