{"test_auc":0.7981769528592055,"_timestamp":1.7650917757541265e+09,"validation_scatter":{"sha256":"ff6d54817816598e4e69cadd0a7743eb2782391718a4f6a0a173480fe64b8078","size":1066678,"path":"media/images/validation_scatter_4_ff6d54817816598e4e69.png","format":"png","width":2811,"height":2365,"_type":"image-file"},"val_large_error_rate":0.41409691629955947,"_runtime":334,"test_roc_curve":{"size":120399,"path":"media/images/test_roc_curve_6_c0d45551ef47c9bc52a7.png","format":"png","width":2107,"height":1638,"_type":"image-file","sha256":"c0d45551ef47c9bc52a720d994de1812d194fab11f6d9f3bff6ed55d311c723b"},"val_loss":0.7725712060928345,"test_large_error_rate":0.39486356340288925,"val_accuracy":0.9727486937813749,"epoch":3,"val_output_success_accuracy":0.9724413752555847,"val_auc":0.7808546965700632,"output_success_accuracy":0.9650350213050842,"test_rmse":1.5155988867958232,"test_scatter":{"size":926676,"path":"media/images/test_scatter_6_56a50d3f976ede2bb480.png","format":"png","width":2811,"height":2365,"_type":"image-file","sha256":"56a50d3f976ede2bb480051d0d7bd81aca6f0d810daf9df9bbb883a9d2800eb7"},"_step":7,"val_mae":1.248583197593689,"test_accuracy":0.9727126805778491,"val_output_success_loss":0.1413184106349945,"output_success_loss":0.17002105712890625,"val_rmse":1.5468587392857855,"output_steps_loss":1.757603406906128,"test_mae":1.2171226739883423,"loss":0.5217150449752808,"val_output_steps_loss":3.1591644287109375,"validation_roc_curve":{"sha256":"7ce28dc129cc555f67ea2e01d335b7392a1c77e937dc49c26f39a65376b18dd9","size":131038,"path":"media/images/validation_roc_curve_4_7ce28dc129cc555f67ea.png","format":"png","width":2107,"height":1638,"_type":"image-file"},"_wandb":{"runtime":334}}