{"_step":24,"output_steps_loss":1.3406881093978882,"output_success_accuracy":0.96036696434021,"loss":0.7344771027565002,"val_output_success_loss":0.015655411407351494,"test_large_error_rate":0.1700043066322136,"val_rmse":1.0181677459117444,"test_auc":0.7862625239599232,"epoch":19,"val_large_error_rate":0.1445800227014756,"val_loss":0.590910792350769,"val_mae":0.8164135217666626,"test_accuracy":0.9745908699397071,"validation_roc_curve":{"format":"png","width":2107,"height":1638,"_type":"image-file","sha256":"5183d9231d970478703188579baca5b36edb50ea4c8639afbd6ec0a5f2cf92b8","size":111631,"path":"media/images/validation_roc_curve_21_5183d9231d9704787031.png"},"_timestamp":1.7646017703780398e+09,"output_success_loss":0.020126717165112495,"val_output_steps_loss":1.0622886419296265,"val_accuracy":0.9723325766174802,"test_rmse":1.0887487235866558,"val_output_success_accuracy":0.9723325967788696,"test_mae":0.8758553862571716,"val_auc":0.8727346457273465,"test_roc_curve":{"width":2107,"height":1638,"_type":"image-file","sha256":"36a5f1dba3db8309edc7b8e4c6fbe5e244ae0b68f6e4add61f07764bf38e3c88","size":129899,"path":"media/images/test_roc_curve_23_36a5f1dba3db8309edc7.png","format":"png"},"_runtime":51,"_wandb":{"runtime":51},"loss_curve":{"size":179028,"path":"media/images/loss_curve_19_5acb2472aacfe2ffd658.png","format":"png","width":3570,"height":1765,"_type":"image-file","sha256":"5acb2472aacfe2ffd6583e0c650a181168778248a986758fb2da21085c0ae0ea"}}