{"val_mae":0.9536517858505249,"val_output_steps_loss":1.1320751905441284,"val_accuracy":0.9725096472355974,"loss":0.5250451564788818,"val_output_success_accuracy":0.9724413752555847,"_step":7,"test_rmse":1.1598956910458589,"test_mae":0.9244145154953003,"test_roc_curve":{"width":2107,"height":1638,"_type":"image-file","sha256":"804452d38e3c3c33c5fbe86d736d5015f998422b2d31491fb28ce636350f1bae","size":132106,"path":"media/images/test_roc_curve_6_804452d38e3c3c33c5fb.png","format":"png"},"_runtime":388,"val_auc":0.7477576717139831,"test_large_error_rate":0.1897271268057785,"val_output_success_loss":0.10333185642957687,"_timestamp":1.7646564706741297e+09,"test_accuracy":0.9725521669341894,"output_steps_loss":0.9726315140724182,"epoch":3,"test_auc":0.7612426648190933,"val_loss":0.5556342005729675,"output_success_accuracy":0.9650202989578247,"output_success_loss":0.13586129248142242,"_wandb":{"runtime":388},"val_large_error_rate":0.20298466687156372,"val_rmse":1.1859357972063749,"validation_roc_curve":{"size":143542,"path":"media/images/validation_roc_curve_4_75bf77c59772c824d029.png","format":"png","width":2107,"height":1638,"_type":"image-file","sha256":"75bf77c59772c824d029dd835b3e2056884f253eb6361da0e453cd5bcecc3657"}}