{"output_success_loss":0.14053483307361603,"test_accuracy":0.9743631436314363,"validation_roc_curve":{"width":2107,"height":1638,"_type":"image-file","sha256":"243b4fb03da1f53d53e97fbee727dfd2f71a105b81696774f67cfb4e16e0baee","size":125131,"path":"media/images/validation_roc_curve_12_243b4fb03da1f53d53e9.png","format":"png"},"val_output_success_loss":0.0933896154165268,"val_accuracy":0.9762135922330097,"output_steps_loss":1.2615442276000977,"epoch":10,"val_rmse":1.023451011510285,"loss":1.3319311141967773,"test_auc":0.5336267706880803,"val_large_error_rate":0.14781553398058253,"test_large_error_rate":0.15582655826558264,"val_loss":1.125046968460083,"_step":15,"output_success_accuracy":0.9678533673286438,"_timestamp":1.764578612181358e+09,"test_mae":0.851359486579895,"test_roc_curve":{"width":2107,"height":1638,"_type":"image-file","sha256":"97e948cfc3b86b2283225e0d998ef4cad1021217e82ed73aff6a6ae44a25a861","size":145856,"path":"media/images/test_roc_curve_14_97e948cfc3b86b228322.png","format":"png"},"_wandb":{"runtime":59},"val_output_success_accuracy":0.9762135744094849,"val_output_steps_loss":1.0826361179351807,"loss_curve":{"size":165860,"path":"media/images/loss_curve_10_7fa84778a6fef97853e4.png","format":"png","width":3570,"height":1765,"_type":"image-file","sha256":"7fa84778a6fef97853e4c6a7da90d201a0886a5f53b1aa0165b1c5f3094aa186"},"val_mae":0.8173463344573975,"test_rmse":1.0507110231891064,"val_auc":0.5702209277544931,"_runtime":59}