{"graph": {"_type": "graph-file", "sha256": "388f45f35ac858afc4494f41b32c665836aee6d53bb9c75ea1831a22930cc303", "size": 3203, "path": "media/graph/graph_summary_388f45f35ac858afc449.graph.json"}, "epoch": 4, "_timestamp": 1764411919.352244, "loss": 1.2943968772888184, "output_steps_loss": 1.2383291721343994, "output_success_loss": 0.11213549226522446, "output_success_accuracy": 0.9675343632698059, "val_loss": 1.785456657409668, "val_output_steps_loss": 1.7299902439117432, "val_output_success_loss": 0.11093346029520035, "val_output_success_accuracy": 0.9677454233169556, "_runtime": 449.1738579273224, "_step": 8, "best_val_loss": 1.3423212766647339, "best_epoch": 0, "loss_curve": {"_type": "image-file", "sha256": "173d8a9cac0a87479c87434d4c9e47a040569ce57429fc96cc0c1c37bae01fd1", "size": 209107, "path": "media/images/loss_curve_5_173d8a9cac0a87479c87.png", "format": "png", "width": 3569, "height": 1767}, "val_accuracy": 0.9663736041635087, "val_auc": 0.8563300358906956, "val_large_error_rate": 0.07246980950937294, "val_precision": 0.3629089847021053, "val_recall": 0.313213076651003, "val_f1": 0.2533336839547607, "test_precision": 0.3619697898619698, "test_recall": 0.3124821573387971, "test_f1": 0.25208540564709103, "test_accuracy": 0.9665012720396341, "test_auc": 0.8576603782487087, "test_large_error_rate": 0.07197066350698927, "prediction_trends": {"_type": "image-file", "sha256": "944a6c8e730675b392d4491e0f9cf76f5b8583551bf73aacbe48df7dbb59c4d1", "size": 429023, "path": "media/images/prediction_trends_7_944a6c8e730675b392d4.png", "format": "png", "width": 4469, "height": 1765}, "confusion_matrix": {"_type": "image-file", "sha256": "d5c03bfd44f7d7ddcda879ed438cb4e2a5ab91db2da126182ede206fa1b54e17", "size": 211583, "path": "media/images/confusion_matrix_8_d5c03bfd44f7d7ddcda8.png", "format": "png", "width": 2809, "height": 2367}, "_wandb": {"runtime": 447}}