{"val_mae":0.8203200697898865,"test_large_error_rate":0.16497990238300317,"test_rmse":1.0770001279074648,"val_output_success_loss":0.11207044124603271,"val_accuracy":0.9719069239500567,"test_mae":0.8666654825210571,"_wandb":{"runtime":41},"epoch":10,"val_large_error_rate":0.14401248581157775,"loss_curve":{"size":182861,"path":"media/images/loss_curve_10_e07636a39f939ac9776a.png","format":"png","width":3570,"height":1765,"_type":"image-file","sha256":"e07636a39f939ac9776a493b081fd231a7b6a3f10ccc6f06658eb0b27859e1c0"},"_timestamp":1.764597120479047e+09,"_runtime":41,"_step":15,"val_loss":1.1571022272109985,"loss":1.4069243669509888,"test_roc_curve":{"size":144178,"path":"media/images/test_roc_curve_14_bf45fe9042e747c94996.png","format":"png","width":2107,"height":1638,"_type":"image-file","sha256":"bf45fe9042e747c9499620c23c55564407e19455b29e05e490da85b5bc8adedd"},"output_success_accuracy":0.9618327021598816,"test_auc":0.24550110772978861,"val_rmse":1.0209117911154948,"output_steps_loss":1.329862117767334,"validation_roc_curve":{"sha256":"3ca6c7c8f449be81dfc9f971afd40f989ce682382d30ad4d11b5557ecfbaf666","size":130919,"path":"media/images/validation_roc_curve_12_3ca6c7c8f449be81dfc9.png","format":"png","width":2107,"height":1638,"_type":"image-file"},"val_output_success_accuracy":0.9719069004058838,"val_auc":0.16210019907100198,"test_accuracy":0.9752368647717485,"output_success_loss":0.15398114919662476,"val_output_steps_loss":1.0990355014801025}