{"output_success_accuracy":0.9620041847229004,"_wandb":{"runtime":1075},"val_auc":0.8429299274695201,"test_rmse":1.031689059107446,"val_output_success_loss":0.01625339686870575,"test_smart_acc":0.8884430176565008,"val_output_success_accuracy":0.9724413752555847,"output_steps_loss":1.5580041408538818,"val_mae":0.8574268817901611,"optimal_threshold":0.6950000000000002,"output_success_loss":0.019195882603526115,"test_neg_rec":0.6069364161849711,"loss":0.3307010531425476,"_runtime":1075,"_step":14,"val_output_steps_loss":1.130089282989502,"val_smart_acc":0.8739200218556842,"val_rmse":1.059511694627122,"test_mae":0.8249034285545349,"val_neg_rec":0.573729863692689,"test_auc":0.8630868025434673,"val_loss":0.24203689396381378,"_timestamp":1.7651159123939114e+09}