{"graph": {"_type": "graph-file", "sha256": "67ed7578c51eca98e4996c26f8576f657707de415b88cecdece1f4c1b1c8b2da", "size": 3006, "path": "media/graph/graph_summary_67ed7578c51eca98e499.graph.json"}, "epoch": 9, "_timestamp": 1764135270.5980003, "loss": 1.3467427492141724, "output_steps_loss": 1.2873002290725708, "output_success_loss": 0.11888475716114044, "output_success_accuracy": 0.964440107345581, "val_loss": 1.3759793043136597, "val_output_steps_loss": 1.3166249990463257, "val_output_success_loss": 0.11870918422937393, "val_output_success_accuracy": 0.9643473625183105, "_runtime": 642.0680952072144, "_step": 12, "best_val_loss": 1.3484586477279663, "best_epoch": 1, "loss_curve": {"_type": "image-file", "sha256": "fbd03b7dd2a64f29a99fad9ec40f67f3e6877927980b76075d7dc5a718d474f4", "size": 175792, "path": "media/images/loss_curve_10_fbd03b7dd2a64f29a99f.png", "format": "png", "width": 3568, "height": 1767}, "val_mae": 0.9337775707244873, "val_rmse": 1.1473974591816682, "val_accuracy": 0.9643473375867742, "val_auc": 0.868436899093149, "large_error_rate": 0.19374111079901377, "prediction_trends": {"_type": "image-file", "sha256": "ce5160a3b8a98484f2367b707a23870a78d21676bed3f318d9fc24523ee5e912", "size": 319372, "path": "media/images/prediction_trends_12_ce5160a3b8a98484f236.png", "format": "png", "width": 3569, "height": 1765}, "_wandb": {"runtime": 640}}