{"loss":1.378265619277954,"epoch":9,"test_large_error_rate":0.16080502142074324,"val_output_success_accuracy":0.9737539887428284,"output_steps_loss":1.3139415979385376,"val_auc":0.8032076825978269,"test_rmse":1.0684843949109757,"val_mae":0.8106980919837952,"test_accuracy":0.9762379196971207,"_runtime":133,"val_loss":1.1396524906158447,"test_roc_curve":{"height":1638,"_type":"image-file","sha256":"310596a498867228cf719f46f3450a6308202e2c99b843e57b4c60dcb70a815c","size":141181,"path":"media/images/test_roc_curve_13_310596a498867228cf71.png","format":"png","width":2107},"_wandb":{"runtime":133},"_timestamp":1.764588899920656e+09,"output_success_accuracy":0.9646809697151184,"val_output_success_loss":0.09553233534097672,"_step":14,"val_output_steps_loss":1.0953654050827026,"test_auc":0.741429425566678,"val_large_error_rate":0.13918345705196183,"val_accuracy":0.9737539766702015,"output_success_loss":0.12885762751102448,"test_mae":0.8575400114059448,"val_rmse":1.0094377291529555,"loss_curve":{"format":"png","width":3570,"height":1765,"_type":"image-file","sha256":"abab4a209796c37965ed8035ea514cf43e53b0bbd938aa06dee612047d338bd0","size":184407,"path":"media/images/loss_curve_9_abab4a209796c37965ed.png"},"validation_roc_curve":{"format":"png","width":2107,"height":1638,"_type":"image-file","sha256":"f89ca1e86225aafa3560dbaf6574ea0e4b38659c4c82da63d21f0c7ef7a05b88","size":123745,"path":"media/images/validation_roc_curve_11_f89ca1e86225aafa3560.png"}}