{"_wandb":{"runtime":4183},"_timestamp":1.765122932375152e+09,"val_loss":0.23766213655471802,"val_output_success_loss":0.014796197414398193,"_runtime":4183,"val_mae":0.85382479429245,"val_auc":0.8606806305551247,"_step":59,"optimal_threshold":0.6850000000000002,"loss":0.2949679493904114,"output_success_accuracy":0.9607342481613159,"output_steps_loss":1.389880895614624,"test_auc":0.8792273020944572,"val_neg_rec":0.6765799256505576,"test_rmse":1.0267796000896878,"output_success_loss":0.016816504299640656,"val_output_success_accuracy":0.9725096225738525,"val_rmse":1.0558008040124311,"test_smart_acc":0.871107544141252,"val_output_steps_loss":1.1155682802200317,"val_smart_acc":0.8537376634907625,"test_neg_rec":0.6994219653179191,"test_mae":0.8208189010620117}