{"output_steps_loss":0.9353666305541992,"output_success_loss":0.12369981408119202,"_timestamp":1.7646446162935557e+09,"val_output_success_accuracy":0.9781612753868103,"_step":19,"_runtime":596,"_wandb":{"runtime":596},"val_output_success_loss":0.08701063692569733,"val_loss":0.2582632303237915,"val_mae":0.855320155620575,"epoch":15,"val_auc":0.853724158119702,"output_success_accuracy":0.9633899927139282,"validation_roc_curve":{"path":"media/images/validation_roc_curve_16_c62e6f6e8082c6fb64d5.png","format":"png","width":2107,"height":1638,"_type":"image-file","sha256":"c62e6f6e8082c6fb64d5d993b6bf93bb1b91c26a6a5a64620715f0774407fcd3","size":136797},"test_large_error_rate":0.16846942248780303,"test_mae":0.8756276369094849,"val_large_error_rate":0.15947634632549837,"val_output_steps_loss":0.8678078651428223,"test_roc_curve":{"size":141758,"path":"media/images/test_roc_curve_18_d839bfeef5c046b1d9c5.png","format":"png","width":2107,"height":1638,"_type":"image-file","sha256":"d839bfeef5c046b1d9c5e06ba852ab21b05d9a87d016485f02cc69cac04bbaa3"},"val_accuracy":0.9782802737280571,"test_accuracy":0.9752656858666465,"val_rmse":1.0699261712959105,"test_rmse":1.093304516123711,"test_auc":0.8363116137955118,"loss":0.31073853373527527}