{"val_output_success_accuracy":0.9737539887428284,"output_steps_loss":1.3618274927139282,"val_accuracy":0.9737539766702015,"_timestamp":1.7645887472233205e+09,"val_output_steps_loss":1.096792459487915,"epoch":5,"validation_roc_curve":{"_type":"image-file","sha256":"7608e54de409b26ef8a6e64b2be14fc0391bbed8fa72289fc409490430bf5c66","size":125244,"path":"media/images/validation_roc_curve_7_7608e54de409b26ef8a6.png","format":"png","width":2107,"height":1638},"_runtime":88,"val_mae":0.8246144652366638,"loss":1.4390884637832642,"test_roc_curve":{"height":1638,"_type":"image-file","sha256":"fb68cad54c557a35815d14f352a25828d20f4220a247a62c4c29f8cba4e646b2","size":145804,"path":"media/images/test_roc_curve_9_fb68cad54c557a35815d.png","format":"png","width":2107},"test_auc":0.3584529099938178,"val_loss":1.1490494012832642,"output_success_accuracy":0.9646474719047546,"val_auc":0.33879497397057967,"val_rmse":1.0258735609391918,"test_mae":0.8738531470298767,"_step":10,"loss_curve":{"size":188201,"path":"media/images/loss_curve_5_2780f280a8e9ce6eb805.png","format":"png","width":3570,"height":1765,"_type":"image-file","sha256":"2780f280a8e9ce6eb805d0e218ffff73afedffd487705a462f3c354a604d0611"},"test_accuracy":0.9762379196971207,"output_success_loss":0.1541924774646759,"val_output_success_loss":0.11145874112844467,"test_large_error_rate":0.16703198166782904,"val_large_error_rate":0.14687168610816542,"test_rmse":1.0880259458800057,"_wandb":{"runtime":88}}