{"val_loss":0.7096996903419495,"loss":0.7608289122581482,"_timestamp":1.7651101233820164e+09,"test_smart_miss_rate":0.953757225433526,"val_smart_acc":0.9728511423009938,"test_auc":0.861312712277678,"val_mae":0.848638653755188,"val_output_success_loss":0.015630289912223816,"output_success_loss":0.017751002684235573,"val_smart_miss_rate":0.9553903345724907,"output_success_accuracy":0.9610546231269836,"test_mae":0.8165823817253113,"output_steps_loss":0.9108188152313232,"_runtime":176,"val_output_success_accuracy":0.9724754691123962,"val_auc":0.8353390006637038,"_step":29,"_wandb":{"runtime":176},"optimal_threshold":0.4973870813846588,"val_output_steps_loss":0.8499621152877808,"test_smart_acc":0.9731942215088283}