{"output_steps_loss":0.935165286064148,"val_output_steps_loss":0.9464836120605469,"test_mae":0.89757239818573,"_runtime":917,"val_mae":0.9236100316047668,"test_accuracy":0.9725521669341894,"test_rmse":1.1211828535338693,"val_auc":0.8528961670019999,"output_success_loss":0.12652303278446198,"val_accuracy":0.9726803947682956,"epoch":8,"val_large_error_rate":0.19417409418433904,"test_roc_curve":{"path":"media/images/test_roc_curve_11_805b77269977361866be.png","format":"png","width":2107,"height":1638,"_type":"image-file","sha256":"805b77269977361866be8edfefcbccff54bf5767b69cb98194fb6c92ced77b52","size":129474},"test_large_error_rate":0.1797752808988764,"_wandb":{"runtime":917},"val_output_success_accuracy":0.9724413752555847,"val_rmse":1.1445532786882586,"loss":0.5006083250045776,"output_success_accuracy":0.9650879502296448,"test_auc":0.8636026152323637,"_timestamp":1.7646576575732493e+09,"_step":12,"val_output_success_loss":0.09807763248682022,"val_loss":0.4761972725391388,"validation_roc_curve":{"path":"media/images/validation_roc_curve_9_034a699eae60726e92d7.png","format":"png","width":2107,"height":1638,"_type":"image-file","sha256":"034a699eae60726e92d7082e2e6c2b46fe1e4e6629c96a71039d1c89cb4fc7a0","size":139658}}