{"graph": {"_type": "graph-file", "sha256": "3490a53ccb8c209b58e43c96407eedbf1bc03c3248a479d8d93d83cf5b3be97d", "size": 2512, "path": "media/graph/graph_summary_3490a53ccb8c209b58e4.graph.json"}, "epoch": 9, "_timestamp": 1764168056.4621696, "loss": 1.2859044075012207, "output_steps_loss": 1.2312170267105103, "output_success_loss": 0.10937312245368958, "output_success_accuracy": 0.9677822589874268, "val_loss": 1.5918560028076172, "val_output_steps_loss": 1.5366075038909912, "val_output_success_loss": 0.11049779504537582, "val_output_success_accuracy": 0.967727780342102, "_runtime": 1591.5969636440277, "_step": 12, "best_val_loss": 1.4929076433181763, "best_epoch": 0, "loss_curve": {"_type": "image-file", "sha256": "8134ddb8eb4ae8b45906da52a785215b0a46d6f68b805ace870ccd5cd2a627e2", "size": 212921, "path": "media/images/loss_curve_10_8134ddb8eb4ae8b45906.png", "format": "png", "width": 3568, "height": 1767}, "val_mae": 1.0096275806427002, "val_rmse": 1.239599687270734, "val_accuracy": 0.9677277550401697, "val_auc": 0.8731794532225072, "val_large_error_rate": 0.23732252033752715, "test_mae": 1.0100069046020508, "test_rmse": 1.2393741057099825, "test_accuracy": 0.9677227837835789, "test_auc": 0.875339788061278, "test_large_error_rate": 0.23831226741380573, "prediction_trends": {"_type": "image-file", "sha256": "e75d3dcc54a52303096232920ecd86ba5746bdd0247e4be7a1628365a3ac9a33", "size": 294985, "path": "media/images/prediction_trends_12_e75d3dcc54a523030962.png", "format": "png", "width": 3569, "height": 1765}, "_wandb": {"runtime": 1589}}