{"graph": {"_type": "graph-file", "sha256": "1dd87d9ab53ea038b349de87ce63a3cb88b9bceeac1b6b5d1f986c546a6d77de", "size": 3613, "path": "media/graph/graph_summary_1dd87d9ab53ea038b349.graph.json"}, "epoch": 4, "_timestamp": 1764472787.0321043, "loss": 1.27193021774292, "output_steps_loss": 1.2632834911346436, "output_success_loss": 0.017292940989136696, "output_success_accuracy": 0.9617427587509155, "val_loss": 1.2702564001083374, "val_output_steps_loss": 1.2618391513824463, "val_output_success_loss": 0.01683472841978073, "val_output_success_accuracy": 0.9660856127738953, "_runtime": 863.2353072166443, "_step": 4, "best_val_loss": 1.2702564001083374, "best_epoch": 4}