{"output_success_loss":0.021173661574721336,"output_steps_loss":1.3697552680969238,"output_success_accuracy":0.9599593877792358,"val_mae":0.8192991018295288,"test_rmse":1.0796402497172424,"validation_roc_curve":{"sha256":"860007ea69fb99c722ac6cc7aa527629b98f64eafac0a8a7c4de2f0b72caf0f0","size":111102,"path":"media/images/validation_roc_curve_16_860007ea69fb99c722ac.png","format":"png","width":2107,"height":1638,"_type":"image-file"},"val_rmse":1.0191043822459218,"test_mae":0.869142472743988,"_runtime":45,"val_output_success_accuracy":0.9721906781196594,"val_loss":0.6406376957893372,"epoch":14,"val_output_steps_loss":1.2479140758514404,"val_accuracy":0.9719069239500567,"val_large_error_rate":0.1445800227014756,"test_large_error_rate":0.16566178581682459,"loss":0.7059977054595947,"loss_curve":{"size":177412,"path":"media/images/loss_curve_14_82e2a4a4e500dcb0ec74.png","format":"png","width":3570,"height":1765,"_type":"image-file","sha256":"82e2a4a4e500dcb0ec7493da76fa135e51364acc4bb9546e2c3017e9f54f2c97"},"test_roc_curve":{"height":1638,"_type":"image-file","sha256":"b6226e0a45724f30f84b8419f6ec1886fe4f7bf7260750fcfdf480febc354257","size":128880,"path":"media/images/test_roc_curve_18_b6226e0a45724f30f84b.png","format":"png","width":2107},"val_output_success_loss":0.015454387292265892,"test_accuracy":0.9752368647717485,"_wandb":{"runtime":45},"test_auc":0.7873344138632089,"_step":19,"val_auc":0.8745380815453808,"_timestamp":1.764601220910577e+09}