{"test_mae":0.8971167206764221,"output_steps_loss":0.9724906086921692,"_timestamp":1.7646066723465087e+09,"test_rmse":1.1196144791816078,"output_success_loss":0.13359834253787994,"test_large_error_rate":0.18152454780361757,"val_output_success_accuracy":0.9717650413513184,"val_loss":0.27304327487945557,"val_auc":0.8611391285113913,"val_large_error_rate":0.1641600454029512,"_step":19,"val_output_success_loss":0.10097574442625046,"val_rmse":1.0674991247633623,"_runtime":299,"test_roc_curve":{"format":"png","width":2107,"height":1638,"_type":"image-file","sha256":"ca8c44db3e503b88db492d948a7c7c1c16ad25e337cf7ed53c50b57dcaf0a972","size":140393,"path":"media/images/test_roc_curve_18_ca8c44db3e503b88db49.png"},"_wandb":{"runtime":299},"output_success_accuracy":0.962519109249115,"test_accuracy":0.9753445305770887,"loss_curve":{"path":"media/images/loss_curve_14_66c1c59a91ce6df9bacc.png","format":"png","width":3571,"height":1765,"_type":"image-file","sha256":"66c1c59a91ce6df9bacc146bea8e31908f62a3ae1e560b8f57f1521f6088abfd","size":222722},"val_output_steps_loss":0.857962429523468,"loss":0.3280903100967407,"val_mae":0.8589156270027161,"test_auc":0.8340744242951756,"val_accuracy":0.9719069239500567,"validation_roc_curve":{"format":"png","width":2107,"height":1638,"_type":"image-file","sha256":"9fb3324f2cac1c5ac0720ca52208a33da2b05b6b301a31b4d26f8cf89efda72b","size":125204,"path":"media/images/validation_roc_curve_16_9fb3324f2cac1c5ac072.png"},"epoch":14}