{"val_loss":1.1241543292999268,"val_mae":0.8966291546821594,"val_rmse":1.134468919633437,"val_output_steps_loss":1.9935256242752075,"epoch":5,"loss":0.9439437985420227,"output_success_accuracy":0.9618327021598816,"test_roc_curve":{"format":"png","width":2107,"height":1638,"_type":"image-file","sha256":"064c637afd428434f1485b5fc67598bf683147000a6cf5d5d63e5e24ced3701e","size":145918,"path":"media/images/test_roc_curve_9_064c637afd428434f148.png"},"_step":10,"val_large_error_rate":0.1818955732122588,"_wandb":{"runtime":139},"test_accuracy":0.9752727533735286,"_timestamp":1.7646060761055114e+09,"val_output_success_loss":0.125692680478096,"test_rmse":1.1755108189638659,"val_auc":0.7496357737963578,"test_auc":0.6744290951602288,"test_large_error_rate":0.20251937984496124,"loss_curve":{"sha256":"c9cdc841ca39d021fd145c21cf72254686b8923746f5f8eaea9a2c4966ea3dae","size":217333,"path":"media/images/loss_curve_5_c9cdc841ca39d021fd14.png","format":"png","width":3570,"height":1765,"_type":"image-file"},"val_output_success_accuracy":0.9719069004058838,"_runtime":139,"validation_roc_curve":{"format":"png","width":2107,"height":1638,"_type":"image-file","sha256":"b093630271f77f582c7df0938edcfe482feacf4999f0fb1a28142ab91255d23d","size":134530,"path":"media/images/validation_roc_curve_7_b093630271f77f582c7d.png"},"test_mae":0.9339043498039246,"val_accuracy":0.9721906923950057,"output_success_loss":0.16956129670143127,"output_steps_loss":1.5487667322158813}