{"graph": {"_type": "graph-file", "sha256": "d510aec9bb01e7bd0d6a12c8ceeb4e6452ed281673ece94ee35d126e3f3edf06", "size": 2793, "path": "media/graph/graph_summary_d510aec9bb01e7bd0d6a.graph.json"}, "epoch": 3, "_timestamp": 1764210315.8927617, "loss": 1.2994223833084106, "output_steps_loss": 1.2435897588729858, "output_success_loss": 0.11166612058877945, "output_success_accuracy": 0.9674625396728516, "val_loss": 1.6284083127975464, "val_output_steps_loss": 1.5735865831375122, "val_output_success_loss": 0.10964352637529373, "val_output_success_accuracy": 0.9677934646606445, "_runtime": 1041.3949217796326, "_step": 6, "best_val_loss": 1.5982204675674438, "best_epoch": 0, "loss_curve": {"_type": "image-file", "sha256": "5471c9cc6843f631d8e5b308a8cb59c92c70c24189ee472128bee42107c5098a", "size": 217344, "path": "media/images/loss_curve_4_5471c9cc6843f631d8e5.png", "format": "png", "width": 3568, "height": 1767}, "val_mae": 1.011729121208191, "val_rmse": 1.2411829887502932, "val_accuracy": 0.966651508261331, "val_auc": 0.850647363147462, "val_large_error_rate": 0.23977565560103078, "test_mae": 1.0119521617889404, "test_rmse": 1.2407940420296706, "test_accuracy": 0.9667501218985349, "test_auc": 0.8519937196274149, "test_large_error_rate": 0.24069844702529677, "prediction_trends": {"_type": "image-file", "sha256": "e4ab72e53dec759e35e6ef07a15dcea83adb9d227635966a4cef9a81e30e3c40", "size": 306681, "path": "media/images/prediction_trends_6_e4ab72e53dec759e35e6.png", "format": "png", "width": 3569, "height": 1765}, "_wandb": {"runtime": 1036}}