{"val_output_success_accuracy":0.9710556268692017,"test_accuracy":0.9724734424346827,"_runtime":60,"_step":29,"output_steps_loss":1.2909528017044067,"output_success_loss":0.019446145743131638,"epoch":24,"test_rmse":1.0963169493289453,"val_output_steps_loss":1.0378162860870361,"loss_curve":{"_type":"image-file","sha256":"68ca9e2f04bffc074a0f99bb3f14a12719ffa86dc24303bcddee456cb4f142b3","size":174112,"path":"media/images/loss_curve_24_68ca9e2f04bffc074a0f.png","format":"png","width":3568,"height":1765},"val_rmse":1.0193632725567874,"_timestamp":1.764606953361408e+09,"test_auc":0.7834733328853347,"val_auc":0.8705832043058321,"test_large_error_rate":0.1744186046511628,"test_mae":0.880929172039032,"val_accuracy":0.97105561861521,"val_mae":0.8172918558120728,"test_roc_curve":{"format":"png","width":2107,"height":1638,"_type":"image-file","sha256":"22a058fb28a2fc0136eb954dc989a0d8e78b866ce9d08e58f40a645b7ecd6cbe","size":129442,"path":"media/images/test_roc_curve_28_22a058fb28a2fc0136eb.png"},"validation_roc_curve":{"size":110771,"path":"media/images/validation_roc_curve_26_e9648779eb64972b6a38.png","format":"png","width":2107,"height":1638,"_type":"image-file","sha256":"e9648779eb64972b6a3802da3fcfae8868588f5e229234a9874c6e39bb11aa0f"},"_wandb":{"runtime":60},"output_success_accuracy":0.9587295651435852,"loss":0.6912313103675842,"val_output_success_loss":0.015068897046148777,"val_large_error_rate":0.1482690124858116,"val_loss":0.5605124235153198}