{"_wandb":{"runtime":78},"val_output_success_accuracy":0.9737539887428284,"output_success_loss":0.12807011604309082,"_step":13,"val_accuracy":0.9737539766702015,"test_accuracy":0.9762379196971207,"output_success_accuracy":0.9646474719047546,"test_roc_curve":{"sha256":"ca4ab42d8e14a2791441dfe5dafa2b7b54e2ec59ec44edb68fdd6f918e7eb43c","size":141129,"path":"media/images/test_roc_curve_12_ca4ab42d8e14a2791441.png","format":"png","width":2107,"height":1638,"_type":"image-file"},"val_rmse":1.0118764511390161,"_runtime":78,"loss":1.3550390005111694,"test_mae":0.855699896812439,"epoch":8,"test_rmse":1.066967882650803,"validation_roc_curve":{"height":1638,"_type":"image-file","sha256":"cb9df164bc5b0c033e902c8f2fa5359624cc7e2986f1f0039dc3d6a5818e9268","size":122985,"path":"media/images/validation_roc_curve_10_cb9df164bc5b0c033e90.png","format":"png","width":2107},"loss_curve":{"width":3570,"height":1765,"_type":"image-file","sha256":"eff43e3b691c28edf019c73d8760b6b036fdc8fac47912c26e1baa4d8bd1c22f","size":192486,"path":"media/images/loss_curve_8_eff43e3b691c28edf019.png","format":"png"},"_timestamp":1.7645875352947402e+09,"val_mae":0.8125131130218506,"val_large_error_rate":0.13997879109225875,"test_auc":0.7748526947980849,"val_output_success_loss":0.09435847401618958,"output_steps_loss":1.2911436557769775,"val_loss":1.0799962282180786,"test_large_error_rate":0.1617515193783003,"val_output_steps_loss":1.0351815223693848,"val_auc":0.8135534490013119}