{"output_steps_loss":1.459975004196167,"val_auc":0.8613396741133967,"_step":10,"val_large_error_rate":0.15337684449489217,"test_mae":0.9030925035476685,"_timestamp":1.764603931112275e+09,"loss":1.5420626401901245,"loss_curve":{"height":1765,"_type":"image-file","sha256":"d7b81bdd1b293e79b74d4e81a1401397bad2b6fc38ffe7aecc5ba41f0f9cba3d","size":201287,"path":"media/images/loss_curve_5_d7b81bdd1b293e79b74d.png","format":"png","width":3570},"val_mae":0.8471905589103699,"output_success_loss":0.022503504529595375,"val_output_success_accuracy":0.9719069004058838,"val_output_success_loss":0.017570272088050842,"test_rmse":1.119427762302976,"test_large_error_rate":0.179801894918174,"test_auc":0.765729309666209,"test_accuracy":0.9752368647717485,"test_roc_curve":{"sha256":"6047a5d54f4f71e1ee0feeb5cf6f997a7b5f837f192a840496dff2596ccd4c20","size":129982,"path":"media/images/test_roc_curve_9_6047a5d54f4f71e1ee0f.png","format":"png","width":2107,"height":1638,"_type":"image-file"},"val_output_steps_loss":1.7297477722167969,"_runtime":31,"val_rmse":1.0505957457436859,"val_accuracy":0.9719069239500567,"_wandb":{"runtime":31},"val_loss":1.8103209733963013,"output_success_accuracy":0.9619256854057312,"validation_roc_curve":{"sha256":"4f39b800d4cb577be73d0822aa54a03ef3f2f65276063219b61b010f29ec54a1","size":117341,"path":"media/images/validation_roc_curve_7_4f39b800d4cb577be73d.png","format":"png","width":2107,"height":1638,"_type":"image-file"},"epoch":5}