{"validation_roc_curve":{"height":1638,"_type":"image-file","sha256":"a2a46518b8424120d153278038a27cd26b27df5b949bfb2726981793ad1a4764","size":117728,"path":"media/images/validation_roc_curve_10_a2a46518b8424120d153.png","format":"png","width":2107},"test_auc":0.744109965514777,"loss_curve":{"height":1765,"_type":"image-file","sha256":"2bbd9f7cc360d7835e5fadd5dffb669eef31784c086441911a9e7d91020fcf80","size":183862,"path":"media/images/loss_curve_8_2bbd9f7cc360d7835e5f.png","format":"png","width":3570},"test_rmse":1.2206562979299647,"val_rmse":1.1421610274684768,"test_large_error_rate":0.21791559000861327,"test_roc_curve":{"height":1638,"_type":"image-file","sha256":"24373458637ab83e1810fb596203f236c865464c901f80d20006fbed2849cf36","size":130571,"path":"media/images/test_roc_curve_12_24373458637ab83e1810.png","format":"png","width":2107},"val_output_success_accuracy":0.9719069004058838,"epoch":8,"output_success_accuracy":0.9618327021598816,"output_steps_loss":1.114858627319336,"_runtime":32,"_wandb":{"runtime":32},"test_mae":0.9832904934883118,"_step":13,"val_output_success_loss":0.020550677552819252,"output_success_loss":0.024927789345383644,"val_output_steps_loss":1.03469979763031,"_timestamp":1.764636050801228e+09,"val_loss":1.1187951564788818,"val_mae":0.9229056239128113,"val_large_error_rate":0.1793416572077185,"val_auc":0.8455555555555556,"test_accuracy":0.9752368647717485,"loss":1.2044678926467896,"val_accuracy":0.9719069239500567}