{"loss":1.3870030641555786,"validation_roc_curve":{"_type":"image-file","sha256":"338c4f7c3c80dbd5cd415b570c8a0786dec69f4de13d32694b449db535905446","size":124137,"path":"media/images/validation_roc_curve_12_338c4f7c3c80dbd5cd41.png","format":"png","width":2107,"height":1638},"output_success_loss":0.13227635622024536,"val_output_success_accuracy":0.9737539887428284,"val_auc":0.7925044069884799,"test_rmse":1.0652914403353984,"test_large_error_rate":0.15906147255155922,"val_rmse":1.0075172169163227,"loss_curve":{"sha256":"073096d1b00f1ddd5c6e24a29f7424ee4d1bc951f28d538707c550f78bac91da","size":178485,"path":"media/images/loss_curve_10_073096d1b00f1ddd5c6e.png","format":"png","width":3570,"height":1765,"_type":"image-file"},"_step":15,"val_mae":0.8097739815711975,"_timestamp":1.764589044387986e+09,"val_output_success_loss":0.09733124077320099,"test_roc_curve":{"height":1638,"_type":"image-file","sha256":"52199705d19331a5ab2b987912400f4c5a7bb1185dead847f478dd8edf9f21ce","size":142911,"path":"media/images/test_roc_curve_14_52199705d19331a5ab2b.png","format":"png","width":2107},"test_mae":0.8550776243209839,"_wandb":{"runtime":92},"val_accuracy":0.9737539766702015,"test_accuracy":0.9762379196971207,"output_success_accuracy":0.9646642208099365,"_runtime":92,"test_auc":0.7041782910981219,"val_large_error_rate":0.13865323435843055,"val_loss":1.07010018825531,"output_steps_loss":1.3207379579544067,"epoch":10,"val_output_steps_loss":1.0238070487976074}