{"_runtime":335,"validation_roc_curve":{"format":"png","width":2107,"height":1638,"_type":"image-file","sha256":"fa126fad43cb2c3130e59e16aea85bc32e129d4c1971ce3d7dc6ae843bb00df5","size":141052,"path":"media/images/validation_roc_curve_7_fa126fad43cb2c3130e5.png"},"output_steps_loss":0.944239616394043,"test_roc_curve":{"height":1638,"_type":"image-file","sha256":"3ea871eec532bc08ef3d38761346d19f1c89186b381bacb16dc1dbe8ec9e686f","size":125332,"path":"media/images/test_roc_curve_9_3ea871eec532bc08ef3d.png","format":"png","width":2107},"_wandb":{"runtime":335},"test_rmse":1.2684068131100552,"test_mae":1.0149725675582886,"val_large_error_rate":0.27346924836936104,"loss":0.31505122780799866,"val_output_steps_loss":1.1703389883041382,"output_success_loss":0.1262645572423935,"val_loss":0.3346373438835144,"output_success_accuracy":0.9652466773986816,"val_output_success_accuracy":0.9725437760353088,"epoch":6,"test_large_error_rate":0.25409309791332263,"test_accuracy":0.97223113964687,"_timestamp":1.7646461963550014e+09,"val_mae":1.0387507677078247,"_step":10,"val_output_success_loss":0.10101708024740219,"val_accuracy":0.9724413482225182,"val_auc":0.8343456643329985,"test_auc":0.8480905387260332,"val_rmse":1.2914776920189306}