{"output_success_loss":0.017751002684235573,"val_output_steps_loss":0.8499621152877808,"_step":29,"test_auc":0.861312712277678,"val_smart_miss_rate":0.9553903345724907,"val_auc":0.8353390006637038,"_wandb":{"runtime":180},"val_smart_acc":0.9728511423009938,"test_smart_acc":0.9731942215088283,"test_mae":0.8165823817253113,"val_output_success_accuracy":0.9724754691123962,"val_loss":0.7096996903419495,"val_mae":0.848638653755188,"loss":0.7608289122581482,"_timestamp":1.7651105712324018e+09,"_runtime":180,"test_smart_miss_rate":0.953757225433526,"optimal_threshold":0.4973870813846588,"output_steps_loss":0.9108188152313232,"val_output_success_loss":0.015630289912223816,"output_success_accuracy":0.9610546231269836}