{"output_steps_loss":1.4431185722351074,"val_loss":0.3888254165649414,"val_rmse":1.0952762853537183,"val_auc":0.8237279925110962,"test_rmse":1.068553676754657,"test_auc":0.8375676735750257,"test_acc":0.9723916532905297,"val_output_success_loss":0.10765983164310455,"output_success_loss":0.13062036037445068,"_step":40,"val_mae":0.891575038433075,"_timestamp":1.7650950227565074e+09,"epoch":39,"_runtime":2971,"output_success_accuracy":0.9650350213050842,"val_acc":0.9725096472355974,"test_mae":0.8590252995491028,"_wandb":{"runtime":2971},"val_output_success_accuracy":0.9724413752555847,"loss":0.46088749170303345,"val_output_steps_loss":1.2004225254058838}