{"test_roc_curve":{"height":1638,"_type":"image-file","sha256":"5964859d223d8b7d3d759c591545c81121573f4bf4ddfc93267629c29eaf9bd2","size":137415,"path":"media/images/test_roc_curve_17_5964859d223d8b7d3d75.png","format":"png","width":2107},"test_rmse":1.0542131840892663,"val_output_steps_loss":1.118482232093811,"_runtime":351,"train_loss":1.301615595817566,"val_auc":0.8357439693928292,"test_accuracy":0.9743631436314363,"val_output_success_loss":0.07753963768482208,"_wandb":{"runtime":351},"val_loss":1.1624995470046997,"loss_curve":{"_type":"image-file","sha256":"95792922896a85362188349e13d8b17b7a6854603fac6ffcf06c348964fe09ee","size":216212,"path":"media/images/loss_curve_12_95792922896a85362188.png","format":"png","width":3570,"height":1765},"epoch":12,"val_accuracy":0.9762135922330097,"test_mae":0.8502434492111206,"val_roc_curve":{"path":"media/images/val_roc_curve_15_b45d9099d4a67356551f.png","format":"png","width":2107,"height":1638,"_type":"image-file","sha256":"b45d9099d4a67356551ffd1f6481a37ffa81cd07782c079e2810a1701dc424d4","size":126883},"val_mae":0.815820574760437,"_timestamp":1.7645730988336353e+09,"test_auc":0.8519439509328398,"val_rmse":1.0244876627851776,"best_val_loss":1.098320722579956,"total_epochs":12,"_step":18,"val_output_success_accuracy":0.9762135744094849}