{"graph": {"_type": "graph-file", "sha256": "779d9424ef4d449768c9135d87b04bcff1584749a5d8ec71e0d1d6e8c14d90c7", "size": 2793, "path": "media/graph/graph_summary_779d9424ef4d449768c9.graph.json"}, "epoch": 1, "_timestamp": 1764143672.5817823, "loss": 1.3086570501327515, "output_steps_loss": 1.2515814304351807, "output_success_loss": 0.11415012180805206, "output_success_accuracy": 0.9672038555145264, "val_loss": 1.781500220298767, "val_output_steps_loss": 1.7264742851257324, "val_output_success_loss": 0.11005456000566483, "val_output_success_accuracy": 0.967585027217865, "_runtime": 527.1254093647003, "_step": 1, "best_val_loss": 1.6772048473358154, "best_epoch": 0}