{"_step":17,"val_loss":1.144177794456482,"val_output_success_accuracy":0.9762135744094849,"output_success_loss":0.11594663560390472,"loss":1.269685983657837,"val_output_steps_loss":1.1021811962127686,"val_auc":0.8215173687575478,"test_roc_curve":{"width":2107,"height":1638,"_type":"image-file","sha256":"69d284a1ccb84c74af1e89d643cc09b9b312fb062bfe34f560c84a334b7100ba","size":138098,"path":"media/images/test_roc_curve_16_69d284a1ccb84c74af1e.png","format":"png"},"test_accuracy":0.9743631436314363,"_timestamp":1.7645785011216412e+09,"val_output_success_loss":0.07638133317232132,"test_auc":0.8497746886113934,"val_accuracy":0.9762135922330097,"_runtime":61,"val_mae":0.8119780421257019,"val_rmse":1.0183430613684208,"test_mae":0.8458993434906006,"output_steps_loss":1.2116798162460327,"loss_curve":{"width":3570,"height":1765,"_type":"image-file","sha256":"31dece185c1d9196b346cd4fb38c3cc1306369824064b1ddaa03a4dceb08c668","size":190196,"path":"media/images/loss_curve_12_31dece185c1d9196b346.png","format":"png"},"epoch":12,"test_large_error_rate":0.1529539295392954,"test_rmse":1.0463661551401897,"val_large_error_rate":0.14441747572815533,"validation_roc_curve":{"width":2107,"height":1638,"_type":"image-file","sha256":"0e0e1847a3a3786e758d07a6a7efab8b695851be121644427abe029fab1f3a7d","size":122401,"path":"media/images/validation_roc_curve_14_0e0e1847a3a3786e758d.png","format":"png"},"_wandb":{"runtime":61},"output_success_accuracy":0.9678698182106018}