{"_timestamp":1.7646008095493174e+09,"val_large_error_rate":0.15720771850170262,"test_accuracy":0.9752368647717485,"test_large_error_rate":0.17973011771461384,"_runtime":159,"val_mae":0.8517882227897644,"val_auc":0.802893902528939,"val_output_steps_loss":1.3023650646209717,"val_rmse":1.0550745501099308,"val_output_success_accuracy":0.9719069004058838,"val_output_success_loss":0.10557837039232254,"test_auc":0.7208148400591785,"_step":11,"loss_curve":{"format":"png","width":3570,"height":1765,"_type":"image-file","sha256":"751c86dea08db7d5a0d76eb10eef052f5bf173aecc0e2cc507651f6ba762a8ae","size":210912,"path":"media/images/loss_curve_6_751c86dea08db7d5a0d7.png"},"output_success_accuracy":0.9618327021598816,"output_steps_loss":1.5240474939346313,"validation_roc_curve":{"_type":"image-file","sha256":"bb22d82a74f545032bfa8125d6f5e2c2d15211a135d9c0ca54e26fcee3d65a4f","size":132673,"path":"media/images/validation_roc_curve_8_bb22d82a74f545032bfa.png","format":"png","width":2107,"height":1638},"_wandb":{"runtime":159},"test_mae":0.8995751142501831,"val_accuracy":0.9719069239500567,"test_roc_curve":{"size":144108,"path":"media/images/test_roc_curve_10_fff11e5e6a9db730ad7a.png","format":"png","width":2107,"height":1638,"_type":"image-file","sha256":"fff11e5e6a9db730ad7a7c1baea3c5afb9eb9682d442f03ad4352830ab3408c1"},"val_loss":0.7581499814987183,"test_rmse":1.1190401201905178,"epoch":6,"loss":0.9183300137519836,"output_success_loss":0.15640175342559814}