{"test_rmse":1.0948145998589305,"val_loss":1.1641643047332764,"test_auc":0.22965356760527567,"test_roc_curve":{"width":2107,"height":1638,"_type":"image-file","sha256":"19d9fc6597663c2ba7714d22e9a85fecd21f00823812ba409520488b543613c7","size":141842,"path":"media/images/test_roc_curve_10_19d9fc6597663c2ba771.png","format":"png"},"val_large_error_rate":0.15058324496288442,"epoch":6,"_runtime":116,"test_large_error_rate":0.17091760486201057,"val_mae":0.8279812335968018,"validation_roc_curve":{"size":122158,"path":"media/images/validation_roc_curve_8_42f29977c823d16af9a0.png","format":"png","width":2107,"height":1638,"_type":"image-file","sha256":"42f29977c823d16af9a033270595901e54408efedf1482831f61e4e326231144"},"_timestamp":1.7645886322340126e+09,"output_success_accuracy":0.9646474719047546,"output_success_loss":0.1654912829399109,"val_output_success_loss":0.13037194311618805,"val_output_steps_loss":1.1020585298538208,"loss_curve":{"sha256":"5f90714ae7c388c104aa89062080c62e7a4d4d6ba0f2a1fdce4d35142ba393b7","size":178162,"path":"media/images/loss_curve_6_5f90714ae7c388c104aa.png","format":"png","width":3570,"height":1765,"_type":"image-file"},"loss":1.461909532546997,"val_rmse":1.031267801766923,"test_accuracy":0.9762379196971207,"output_steps_loss":1.3792113065719604,"val_auc":0.15737830249128915,"test_mae":0.8797228336334229,"val_accuracy":0.9737539766702015,"_wandb":{"runtime":116},"_step":11,"val_output_success_accuracy":0.9737539887428284}