{"loss_curve":{"sha256":"645b7727760d036ad2a0e3bf10efe01e8aa8ee9c46cc5f6d30e193d6de02408b","size":190371,"path":"media/images/loss_curve_9_645b7727760d036ad2a0.png","format":"png","width":3570,"height":1765,"_type":"image-file"},"val_rmse":1.0255424459778333,"val_output_success_accuracy":0.9737539887428284,"epoch":9,"val_output_steps_loss":1.1214500665664673,"test_auc":0.6171297664715506,"test_roc_curve":{"format":"png","width":2107,"height":1638,"_type":"image-file","sha256":"f55b411b37ee5377f29b4a61b2cd3530f842c3161ce2722402cc82e3ad97e42e","size":144576,"path":"media/images/test_roc_curve_13_f55b411b37ee5377f29b.png"},"val_mae":0.8216320872306824,"val_output_success_loss":0.0995841920375824,"_wandb":{"runtime":196},"_step":14,"test_accuracy":0.9762379196971207,"output_success_loss":0.13059303164482117,"test_rmse":1.0829648834058219,"val_auc":0.7344146611775252,"_runtime":196,"output_success_accuracy":0.9646642208099365,"validation_roc_curve":{"height":1638,"_type":"image-file","sha256":"59be8c445af6eec79b33ec5ef3d00ec2d8cb237d200c8572d9ab0b90ff538882","size":123364,"path":"media/images/validation_roc_curve_11_59be8c445af6eec79b33.png","format":"png","width":2107},"test_mae":0.8680371642112732,"_timestamp":1.7645866525337157e+09,"loss":1.3419133424758911,"val_large_error_rate":0.1460763520678685,"val_accuracy":0.9737539766702015,"val_loss":1.1678271293640137,"test_large_error_rate":0.16563714257248183,"output_steps_loss":1.2764590978622437}