{"output_steps_loss":0.9366405010223389,"val_auc":0.8009279687890059,"test_large_error_rate":0.1687719829053364,"val_output_success_loss":0.014611859805881977,"_step":26,"val_loss":0.7152425050735474,"val_accuracy":0.9774471883368046,"epoch":21,"_timestamp":1.764638964802239e+09,"loss_curve":{"height":1765,"_type":"image-file","sha256":"a104aba0c2a8399bda236bbf17d365c9edb71a75b26a27537883fe7cee76f245","size":190580,"path":"media/images/loss_curve_21_a104aba0c2a8399bda23.png","format":"png","width":3570},"val_rmse":1.0684828329496765,"_wandb":{"runtime":125},"val_large_error_rate":0.15864326093424577,"output_success_accuracy":0.9594630599021912,"test_accuracy":0.9745281948489088,"output_success_loss":0.019555771723389626,"test_roc_curve":{"width":2107,"height":1638,"_type":"image-file","sha256":"3212fa8b2d1263ee7bad63012c6f8ad6f6f619ab6c731dfff58b01197565d66e","size":129383,"path":"media/images/test_roc_curve_25_3212fa8b2d1263ee7bad.png","format":"png"},"test_mae":0.8703248500823975,"loss":0.7825531959533691,"val_output_steps_loss":0.8607887625694275,"test_auc":0.7964367077981387,"val_mae":0.8516108393669128,"test_rmse":1.0902960600943334,"_runtime":125,"validation_roc_curve":{"width":2107,"height":1638,"_type":"image-file","sha256":"6f8611b7c2367c448a2ee7ffbaca66b76592d58b2857f54ad6e545609c7ecfaf","size":126308,"path":"media/images/validation_roc_curve_23_6f8611b7c2367c448a2e.png","format":"png"},"val_output_success_accuracy":0.9773876667022705}