{"test_roc_curve":{"_type":"image-file","sha256":"5791327a83b9e8f8028d6eec0f029de04ae73cf8f6b3bc45e375a3dd4f2caf62","size":111500,"path":"media/images/test_roc_curve_30_5791327a83b9e8f8028d.png","format":"png","width":2107,"height":1638},"epoch":27,"_runtime":170,"test_accuracy":0.9731942215088283,"validation_roc_curve":{"format":"png","width":2107,"height":1638,"_type":"image-file","sha256":"e78b23c0970546c5d74cfb1062cba44e820a4cceecc40134ce290c325dc9f54c","size":128087,"path":"media/images/validation_roc_curve_28_e78b23c0970546c5d74c.png"},"val_output_steps_loss":0.856105625629425,"val_output_success_loss":0.016006505116820335,"output_success_accuracy":0.9613192081451416,"val_rmse":1.0643874961849713,"val_auc":0.8292823992481853,"loss":0.7607008218765259,"test_rmse":1.03660355641592,"test_mae":0.8249045610427856,"val_accuracy":0.9724754977290578,"val_mae":0.8556182980537415,"val_large_error_rate":0.15814636478502886,"_step":31,"val_loss":0.7101544141769409,"_timestamp":1.7650138433470678e+09,"test_auc":0.8531379639093353,"test_large_error_rate":0.1463884430176565,"val_output_success_accuracy":0.9727145433425903,"test_scatter":{"size":340692,"path":"media/images/test_scatter_30_2540759614a1e34fedf0.png","format":"png","width":2766,"height":2364,"_type":"image-file","sha256":"2540759614a1e34fedf045a5f1a1c33240bf3d05645d3338ea937773bce275c8"},"validation_scatter":{"width":2766,"height":2364,"_type":"image-file","sha256":"2e24a46a5a560ddab299f3742d9401b12399a3f7ddf6ec4f1035da07387e14ff","size":332898,"path":"media/images/validation_scatter_28_2e24a46a5a560ddab299.png","format":"png"},"output_success_loss":0.0181299839168787,"_wandb":{"runtime":170},"output_steps_loss":0.9161755442619324}