{"loss":0.7745876312255859,"val_accuracy":0.9719069239500567,"_wandb":{"runtime":29},"val_output_success_loss":0.017434922978281975,"_runtime":29,"output_success_accuracy":0.9618183970451355,"val_output_steps_loss":1.1789580583572388,"val_rmse":1.0352916700925812,"val_large_error_rate":0.14628263337116912,"val_loss":0.621362566947937,"test_large_error_rate":0.17330605799598048,"output_steps_loss":1.4766514301300049,"test_roc_curve":{"_type":"image-file","sha256":"c79329723bddd6ecdb41c6c6f50f583a4a4f25d8800782eace067da1bc300acc","size":129102,"path":"media/images/test_roc_curve_12_c79329723bddd6ecdb41.png","format":"png","width":2107,"height":1638},"validation_roc_curve":{"format":"png","width":2107,"height":1638,"_type":"image-file","sha256":"f7422c9f5983646ff9b3aa8e215e0eeaefca81c9f159fd88834fe938c0f301a8","size":117338,"path":"media/images/validation_roc_curve_10_f7422c9f5983646ff9b3.png"},"_timestamp":1.7646028336478772e+09,"val_output_success_accuracy":0.9719069004058838,"test_accuracy":0.9752368647717485,"val_auc":0.8664893460148935,"val_mae":0.8346356749534607,"epoch":8,"_step":13,"loss_curve":{"path":"media/images/loss_curve_8_7b8fecc271c6a9e908b1.png","format":"png","width":3570,"height":1765,"_type":"image-file","sha256":"7b8fecc271c6a9e908b198580fae91126b27e1003dda24800ae98ea7772ae3c2","size":177541},"output_success_loss":0.02264714241027832,"test_rmse":1.1024241763486882,"test_auc":0.7737526973247018,"test_mae":0.8892435431480408}