{"output_steps_loss":1.1083403825759888,"_timestamp":1.7646359373184097e+09,"val_large_error_rate":0.18317253121452895,"_step":11,"validation_roc_curve":{"path":"media/images/validation_roc_curve_8_7ccb3f22eba7bde2185e.png","format":"png","width":2107,"height":1638,"_type":"image-file","sha256":"7ccb3f22eba7bde2185e2900c156d65cf089c3cd0365385ff404cc06b6df3262","size":118735},"test_auc":0.7351134076370955,"val_mae":0.9322647452354431,"_runtime":35,"loss_curve":{"path":"media/images/loss_curve_6_08505779996fc2f70be5.png","format":"png","width":3570,"height":1765,"_type":"image-file","sha256":"08505779996fc2f70be5b2e25f204f507eb9f5a9a4bade1c4e282c353db130b6","size":189116},"val_auc":0.8363872299638723,"val_accuracy":0.9719069239500567,"test_rmse":1.233045997312362,"val_output_success_loss":0.019863277673721313,"output_success_loss":0.024383876472711563,"val_loss":1.175516128540039,"val_rmse":1.1534941539839492,"test_mae":0.9931516051292419,"test_large_error_rate":0.22469853574504736,"test_roc_curve":{"sha256":"39840023eaf23e853e26d87fed93c1777ce6a87fab0c651c09a6ebda6f66d98a","size":130416,"path":"media/images/test_roc_curve_10_39840023eaf23e853e26.png","format":"png","width":2107,"height":1638,"_type":"image-file"},"_wandb":{"runtime":35},"epoch":6,"val_output_success_accuracy":0.9719069004058838,"loss":1.192501187324524,"output_success_accuracy":0.9618327021598816,"test_accuracy":0.9752368647717485,"val_output_steps_loss":1.0975004434585571}