{"_runtime":41,"val_loss":0.6316881775856018,"_wandb":{"runtime":41},"val_rmse":1.0272366428022084,"test_rmse":1.0956032447374142,"val_accuracy":0.9719069239500567,"val_output_success_accuracy":0.9719069004058838,"val_output_success_loss":0.09615588933229446,"val_mae":0.8251868486404419,"val_large_error_rate":0.1445800227014756,"test_roc_curve":{"_type":"image-file","sha256":"ea99e0c2291114a57a4df7313aa20ea80d988fa8d306bbe78346d9e72f38f485","size":128393,"path":"media/images/test_roc_curve_20_ea99e0c2291114a57a4d.png","format":"png","width":2107,"height":1638},"test_accuracy":0.9752368647717485,"epoch":16,"test_mae":0.8783146739006042,"output_success_accuracy":0.9618327021598816,"_step":21,"loss":0.8072390556335449,"val_auc":0.8861748875617489,"val_output_steps_loss":1.068777322769165,"test_large_error_rate":0.17097329888027563,"loss_curve":{"_type":"image-file","sha256":"e07dbe36c5e01ec0ab8461b52160c88603dffcf6b721987d655afee1f40ec702","size":184634,"path":"media/images/loss_curve_16_e07dbe36c5e01ec0ab84.png","format":"png","width":3570,"height":1765},"output_steps_loss":1.351365089416504,"test_auc":0.8177833030934301,"_timestamp":1.7645979297022307e+09,"validation_roc_curve":{"width":2107,"height":1638,"_type":"image-file","sha256":"c9d1dfa8021a1c1911b373d25b6a30f6356d00f8c582fff29a07d5d1e7341ca2","size":111102,"path":"media/images/validation_roc_curve_18_c9d1dfa8021a1c1911b3.png","format":"png"},"output_success_loss":0.1316896229982376}