{"graph": {"_type": "graph-file", "sha256": "388f45f35ac858afc4494f41b32c665836aee6d53bb9c75ea1831a22930cc303", "size": 3203, "path": "media/graph/graph_summary_388f45f35ac858afc449.graph.json"}, "epoch": 6, "_timestamp": 1764410416.307557, "loss": 1.292294979095459, "output_steps_loss": 1.2366746664047241, "output_success_loss": 0.11124031990766525, "output_success_accuracy": 0.9676750898361206, "val_loss": 1.313020944595337, "val_output_steps_loss": 1.2576220035552979, "val_output_success_loss": 0.1107984185218811, "val_output_success_accuracy": 0.967801034450531, "_runtime": 480.363144159317, "_step": 7, "best_val_loss": 1.289932370185852, "best_epoch": 2, "loss_curve": {"_type": "image-file", "sha256": "5f7e967be8d6fb9d5677e80af06301a0838b956b507fca8847743d53470bf97d", "size": 151616, "path": "media/images/loss_curve_7_5f7e967be8d6fb9d5677.png", "format": "png", "width": 3569, "height": 1767}, "_wandb": {"runtime": 483}}