{"_step":15,"val_loss":1.1913005113601685,"output_success_accuracy":0.9646474719047546,"_timestamp":1.7645900778304272e+09,"loss":1.3803095817565918,"val_output_success_accuracy":0.9737539887428284,"val_output_steps_loss":1.1442192792892456,"val_large_error_rate":0.14395546129374337,"loss_curve":{"path":"media/images/loss_curve_10_53ea8778b77ca4fe9554.png","format":"png","width":3570,"height":1765,"_type":"image-file","sha256":"53ea8778b77ca4fe955467d2491e4b3b7b68cae4000460c3a8b05867aea8a991","size":197056},"test_large_error_rate":0.16588622098236525,"output_success_loss":0.1406451165676117,"val_mae":0.8179594874382019,"test_accuracy":0.9762379196971207,"val_accuracy":0.9737539766702015,"test_rmse":1.0819507114444906,"_wandb":{"runtime":98},"test_auc":0.31778095928557926,"val_auc":0.30028435732220105,"validation_roc_curve":{"sha256":"211c1e47fe6b487fb388762a51eecdfec7c7762871b3071bc5069f89f69b2896","size":127394,"path":"media/images/validation_roc_curve_12_211c1e47fe6b487fb388.png","format":"png","width":2107,"height":1638,"_type":"image-file"},"test_roc_curve":{"size":144530,"path":"media/images/test_roc_curve_14_a02290a8f1a87cc2e15d.png","format":"png","width":2107,"height":1638,"_type":"image-file","sha256":"a02290a8f1a87cc2e15d27ecdd26e2c1baf341261228fdec84362db5334b58db"},"_runtime":98,"val_rmse":1.0198724986776337,"output_steps_loss":1.3097461462020874,"epoch":10,"val_output_success_loss":0.1020573303103447,"test_mae":0.8684373497962952}