{"loss_curve":{"size":189116,"path":"media/images/loss_curve_13_dba2587f325a2d8df41e.png","format":"png","width":3570,"height":1765,"_type":"image-file","sha256":"dba2587f325a2d8df41ecdf37b4c86fe13533ed7493e01768a27d5f204ded5ff"},"val_output_steps_loss":1.0646010637283325,"val_output_success_accuracy":0.9762135744094849,"val_loss":1.112864375114441,"_runtime":63,"loss":1.269953727722168,"val_mae":0.8037044405937195,"val_large_error_rate":0.14101941747572816,"_step":18,"val_rmse":1.0048521461663962,"test_rmse":1.0313756461617094,"val_auc":0.8096591197393925,"val_accuracy":0.9762135922330097,"val_output_success_loss":0.0769999772310257,"test_large_error_rate":0.14655826558265583,"output_success_loss":0.1179470419883728,"test_mae":0.8330458402633667,"_timestamp":1.7645791571469636e+09,"_wandb":{"runtime":63},"output_steps_loss":1.210961937904358,"test_accuracy":0.9743631436314363,"output_success_accuracy":0.9678533673286438,"test_auc":0.8370380122780801,"validation_roc_curve":{"_type":"image-file","sha256":"48fcfd724aa0f07ef95e3fcdd81c55d49ce564f3d082c67943ddceb8f2b1f973","size":122643,"path":"media/images/validation_roc_curve_15_48fcfd724aa0f07ef95e.png","format":"png","width":2107,"height":1638},"epoch":13,"test_roc_curve":{"path":"media/images/test_roc_curve_17_55c23355a88c2ef7e519.png","format":"png","width":2107,"height":1638,"_type":"image-file","sha256":"55c23355a88c2ef7e519c3c73625b2074ca2a7f996cf9d0140ceb63d141811cd","size":139042}}