{"val_rmse":1.0533241219560436,"val_auc":0.8353390006637038,"output_success_loss":0.017751002684235573,"_wandb":{"runtime":154},"val_output_success_loss":0.015630289912223816,"val_loss":0.7096996903419495,"test_rmse":1.0236714219525598,"val_output_steps_loss":0.8499621152877808,"val_output_success_accuracy":0.9724754691123962,"test_auc":0.861312712277678,"output_success_accuracy":0.9610546231269836,"val_accuracy":0.9727145442748353,"test_accuracy":0.9730337078651685,"val_mae":0.848638653755188,"_timestamp":1.765095638138405e+09,"loss":0.7608289122581482,"_runtime":154,"test_mae":0.8165823817253113,"output_steps_loss":0.9108188152313232,"_step":30,"epoch":29}