{"val_auc":0.8255025066895473,"output_success_accuracy":0.9648316502571106,"val_output_steps_loss":1.0634568929672241,"loss":1.382476568222046,"val_large_error_rate":0.1415694591728526,"loss_curve":{"size":168470,"path":"media/images/loss_curve_12_fa899a012357eee19f04.png","format":"png","width":3569,"height":1765,"_type":"image-file","sha256":"fa899a012357eee19f044a24e306c0183c5fe815d811f95e65a066c4483127f3"},"test_mae":0.8586922883987427,"val_accuracy":0.9737539766702015,"test_roc_curve":{"format":"png","width":2107,"height":1638,"_type":"image-file","sha256":"13754ee1be8cdc34871b03662aba8663ca80b3e752fe446b58b3df2c9b21ec57","size":142774,"path":"media/images/test_roc_curve_16_13754ee1be8cdc34871b.png"},"epoch":12,"_runtime":87,"test_rmse":1.072495399411878,"output_steps_loss":1.3159891366958618,"val_output_success_accuracy":0.9737539887428284,"test_auc":0.7244311450143879,"_wandb":{"runtime":87},"output_success_loss":0.1328180581331253,"test_large_error_rate":0.1613031782405101,"val_loss":1.1095308065414429,"val_mae":0.8105921149253845,"_step":17,"val_output_success_loss":0.0977248027920723,"val_rmse":1.0088226814982817,"test_accuracy":0.9762379196971207,"_timestamp":1.7645882879233863e+09,"validation_roc_curve":{"sha256":"b0571293898f7f94b2ebacb9ee972c466aa420cfb95530b8c41ea17591ae2191","size":123448,"path":"media/images/validation_roc_curve_14_b0571293898f7f94b2eb.png","format":"png","width":2107,"height":1638,"_type":"image-file"}}