{"val_large_error_rate":0.14077412513255566,"test_auc":0.7304425794004965,"_timestamp":1.7645895283574326e+09,"val_mae":0.8140966296195984,"epoch":10,"_runtime":119,"val_loss":1.1633732318878174,"val_auc":0.8163007697448208,"test_mae":0.8583424687385559,"val_output_steps_loss":1.1186798810958862,"test_rmse":1.0719036888086844,"_wandb":{"runtime":119},"test_large_error_rate":0.16205041347016041,"val_accuracy":0.9737539766702015,"loss":1.353685736656189,"test_accuracy":0.9762379196971207,"val_output_success_accuracy":0.9737539887428284,"_step":15,"test_roc_curve":{"sha256":"b7a2288d18f679f6a63e0e0cd9fed131a3da6c66f6d603297a6522d24d4db82c","size":142364,"path":"media/images/test_roc_curve_14_b7a2288d18f679f6a63e.png","format":"png","width":2107,"height":1638,"_type":"image-file"},"output_success_accuracy":0.964655876159668,"val_rmse":1.01514705269211,"output_success_loss":0.13095830380916595,"validation_roc_curve":{"width":2107,"height":1638,"_type":"image-file","sha256":"7cca228313bdaef6299c41692939b8c41ab15610d0256f650f9994fb7a63e614","size":122941,"path":"media/images/validation_roc_curve_12_7cca228313bdaef6299c.png","format":"png"},"val_output_success_loss":0.09618741273880005,"loss_curve":{"height":1765,"_type":"image-file","sha256":"eaabac27c7821ce897e1ad2b76bb2561751908db588ab432b250d2b310b86152","size":182770,"path":"media/images/loss_curve_10_eaabac27c7821ce897e1.png","format":"png","width":3570},"output_steps_loss":1.288457989692688}