{"val_loss":1.1060625314712524,"val_output_steps_loss":1.0590369701385498,"loss_curve":{"height":1765,"_type":"image-file","sha256":"c3a32f635f408ee34fa61d8d47b32de37567fd8b95fe8919fa1b1f5bb76e2bd7","size":189285,"path":"media/images/loss_curve_12_c3a32f635f408ee34fa6.png","format":"png","width":3570},"test_auc":0.8370380122780801,"test_roc_curve":{"sha256":"55c23355a88c2ef7e519c3c73625b2074ca2a7f996cf9d0140ceb63d141811cd","size":139042,"path":"media/images/test_roc_curve_16_55c23355a88c2ef7e519.png","format":"png","width":2107,"height":1638,"_type":"image-file"},"output_success_accuracy":0.9678533673286438,"validation_roc_curve":{"width":2107,"height":1638,"_type":"image-file","sha256":"48fcfd724aa0f07ef95e3fcdd81c55d49ce564f3d082c67943ddceb8f2b1f973","size":122643,"path":"media/images/validation_roc_curve_14_48fcfd724aa0f07ef95e.png","format":"png"},"test_accuracy":0.9743631436314363,"val_rmse":1.0048521461663962,"test_mae":0.8330458402633667,"val_large_error_rate":0.14101941747572816,"epoch":12,"_wandb":{"runtime":73},"output_steps_loss":1.2129257917404175,"loss":1.2723838090896606,"_runtime":73,"test_large_error_rate":0.14655826558265583,"val_auc":0.8096591197393925,"output_success_loss":0.11886121332645416,"val_output_success_accuracy":0.9762135744094849,"val_accuracy":0.9762135922330097,"test_rmse":1.0313756461617094,"val_output_success_loss":0.07684476673603058,"_timestamp":1.764578202797338e+09,"_step":17,"val_mae":0.8037044405937195}