{"_timestamp":1.764664571595502e+09,"output_steps_loss":1.4820853471755981,"val_auc":0.8684365477099957,"val_loss":0.3227185010910034,"val_output_steps_loss":1.129684329032898,"test_mae":0.8238528370857239,"val_large_error_rate":0.15592664685995286,"validation_roc_curve":{"path":"media/images/validation_roc_curve_20_6242006a014d5bc875fe.png","format":"png","width":2107,"height":1638,"_type":"image-file","sha256":"6242006a014d5bc875feb71fabb33567388320980a91cd55c635c9915064bf4b","size":139489},"loss":0.41497302055358887,"val_mae":0.8564629554748535,"val_output_success_loss":0.09746278077363968,"output_success_accuracy":0.9651585221290588,"test_roc_curve":{"_type":"image-file","sha256":"f229aa0aa1876c4290cd6ca953de01f6d52811bc0fdaaaa65e178d152d8c1d73","size":128990,"path":"media/images/test_roc_curve_22_f229aa0aa1876c4290cd.png","format":"png","width":2107,"height":1638},"_runtime":1952,"test_large_error_rate":0.1402889245585875,"_wandb":{"runtime":1952},"test_accuracy":0.9733547351524879,"epoch":19,"output_success_loss":0.11859282106161118,"val_output_success_accuracy":0.9724413752555847,"val_accuracy":0.9728511423009938,"_step":23,"val_rmse":1.0590235551982699,"test_rmse":1.0295741017348556,"test_auc":0.8822630100748096}