{"test_roc_curve":{"path":"media/images/test_roc_curve_14_7c10390f4b9cc1e7a5bc.png","format":"png","width":2107,"height":1638,"_type":"image-file","sha256":"7c10390f4b9cc1e7a5bc44ff1ccdd6c1cec48ccf0956a393728f41c40750834b","size":142203},"test_rmse":1.0671582487462328,"validation_roc_curve":{"height":1638,"_type":"image-file","sha256":"9440688abbcc1c32a96baf78ede93537e55d43d6d97ae6700dd74bf19a4d17b3","size":122502,"path":"media/images/validation_roc_curve_12_9440688abbcc1c32a96b.png","format":"png","width":2107},"val_accuracy":0.9737539766702015,"val_output_steps_loss":1.053695797920227,"test_large_error_rate":0.1606555743748132,"output_success_accuracy":0.9650241732597351,"val_output_success_loss":0.0974886566400528,"loss_curve":{"path":"media/images/loss_curve_10_67f4e35ffacb9be73731.png","format":"png","width":3570,"height":1765,"_type":"image-file","sha256":"67f4e35ffacb9be73731382501fd53b0eb63a43266483128a94374dae3daa042","size":174669},"test_auc":0.7682494614490366,"val_output_success_accuracy":0.9734888672828674,"val_mae":0.8124897480010986,"val_auc":0.8498543837503815,"val_rmse":1.0116926506534933,"test_accuracy":0.9762379196971207,"val_large_error_rate":0.1402439024390244,"_step":15,"_timestamp":1.7645876822915049e+09,"val_loss":1.1000078916549683,"output_success_loss":0.1269143968820572,"test_mae":0.8547937870025635,"_wandb":{"runtime":90},"output_steps_loss":1.2860654592514038,"loss":1.3496941328048706,"epoch":10,"_runtime":90}