{"output_success_accuracy":0.9637157917022705,"val_auc":0.8556605897214966,"validation_roc_curve":{"sha256":"a391ce9f9b727ebc5131ba461c63312364340f77ce8aa05c345ffb1e36d5b97a","size":137128,"path":"media/images/validation_roc_curve_21_a391ce9f9b727ebc5131.png","format":"png","width":2107,"height":1638,"_type":"image-file"},"test_rmse":1.0869266204245625,"_wandb":{"runtime":787},"_step":24,"loss":0.3067772090435028,"test_mae":0.8645168542861938,"output_steps_loss":0.9285341501235962,"_runtime":787,"val_output_success_accuracy":0.9782207608222961,"test_roc_curve":{"_type":"image-file","sha256":"9dbff1211177ef7decc0692625b271f086bdb4456657a7722678802cc9be0358","size":141542,"path":"media/images/test_roc_curve_23_9dbff1211177ef7decc0.png","format":"png","width":2107,"height":1638},"test_large_error_rate":0.1650467077644567,"val_output_steps_loss":0.8449467420578003,"output_success_loss":0.12107734382152557,"val_accuracy":0.9782207676286819,"epoch":19,"val_large_error_rate":0.15614400476048795,"loss_curve":{"width":3571,"height":1765,"_type":"image-file","sha256":"7a6b0df4d115250cc403a852278778a5e4c550264f1934a39fc5a51a6b1b8693","size":215791,"path":"media/images/loss_curve_19_7a6b0df4d115250cc403.png","format":"png"},"val_rmse":1.0625704573663226,"test_auc":0.8360686503239428,"test_accuracy":0.9753413259710298,"_timestamp":1.7646421833851519e+09,"val_loss":0.2527199983596802,"val_output_success_loss":0.0859861895442009,"val_mae":0.8434838652610779}