{"test_mae":0.8862670063972473,"test_rmse":1.1039854416785724,"val_output_steps_loss":1.0762487649917603,"val_rmse":1.0344989345097022,"_runtime":122,"val_loss":1.1385002136230469,"test_accuracy":0.9762379196971207,"test_auc":0.24954152161868784,"epoch":10,"val_output_success_loss":0.13035161793231964,"loss":1.4640262126922607,"validation_roc_curve":{"path":"media/images/validation_roc_curve_12_217c06c3c23e8d016573.png","format":"png","width":2107,"height":1638,"_type":"image-file","sha256":"217c06c3c23e8d016573c11c8b8815ab1843dd02fa446534de33ccc7f014e12d","size":124706},"val_accuracy":0.9737539766702015,"val_auc":0.16978387193470232,"val_output_success_accuracy":0.9737539887428284,"test_roc_curve":{"_type":"image-file","sha256":"c387219bbcde5096d17128db4528510702c1946ef5e9a9c7648eef2555564070","size":142934,"path":"media/images/test_roc_curve_14_c387219bbcde5096d171.png","format":"png","width":2107,"height":1638},"output_success_loss":0.16648678481578827,"test_large_error_rate":0.17251170668526453,"val_large_error_rate":0.14846235418875928,"loss_curve":{"sha256":"0d1ccd947d12bbf84dd194a352a4934664113a4b9c16550de0719fd1fd342fa0","size":175715,"path":"media/images/loss_curve_10_0d1ccd947d12bbf84dd1.png","format":"png","width":3570,"height":1765,"_type":"image-file"},"val_mae":0.8289508819580078,"_step":15,"output_steps_loss":1.3806953430175781,"_wandb":{"runtime":122},"_timestamp":1.7645902799301279e+09,"output_success_accuracy":0.9646474719047546}