{"val_mae": 0.9164091944694519, "val_rmse": 1.1247314026518807, "val_accuracy": 0.9663736041635087, "val_auc": 0.8484670518574953, "val_large_error_rate": 0.18693345460057603, "test_mae": 0.916763186454773, "test_rmse": 1.1243283067966552, "test_accuracy": 0.9665012720396341, "test_auc": 0.8502902366139494, "test_large_error_rate": 0.18630643649528447, "_timestamp": 1764299542.8449452, "_runtime": 142.2906792163849, "_step": 1, "prediction_trends": {"_type": "image-file", "sha256": "0b1683222265f7abff8e7298560303d655715da209b4a8859746fc27850a8c7a", "size": 302331, "path": "media/images/prediction_trends_1_0b1683222265f7abff8e.png", "format": "png", "width": 3569, "height": 1765}, "_wandb": {"runtime": 140}}