{"validation_scatter":{"format":"png","width":2811,"height":2365,"_type":"image-file","sha256":"afd9e12278964889d39df908f9545d898eede0a039bbeba913394c4b0cb4232a","size":2248035,"path":"media/images/validation_scatter_15_afd9e12278964889d39d.png"},"_runtime":99,"loss":0.7539120316505432,"test_rmse":1.0337074938041646,"val_output_success_accuracy":0.9724754691123962,"_step":18,"val_mae":0.8556621074676514,"val_loss":0.7264639735221863,"_timestamp":1.7650296658737605e+09,"epoch":14,"val_output_success_loss":0.01577579975128174,"val_large_error_rate":0.15688283304306253,"val_auc":0.8349844335097814,"test_accuracy":0.9731942215088283,"test_large_error_rate":0.14542536115569824,"val_rmse":1.062414446359534,"test_auc":0.8595243071361565,"validation_roc_curve":{"_type":"image-file","sha256":"8ca583d5c3241d83898307d4aebef3d110999b7ec2ebb3cf76ae9f2b277b3454","size":130240,"path":"media/images/validation_roc_curve_15_8ca583d5c3241d838983.png","format":"png","width":2107,"height":1638},"test_scatter":{"size":1591213,"path":"media/images/test_scatter_17_573686194613bc3868a4.png","format":"png","width":2811,"height":2365,"_type":"image-file","sha256":"573686194613bc3868a4224418832ba3b20ea19bf0bd326d219efa2a1f3dc50e"},"output_steps_loss":0.8998406529426575,"_wandb":{"runtime":99},"output_success_accuracy":0.9618219137191772,"test_roc_curve":{"width":2107,"height":1638,"_type":"image-file","sha256":"7b28bfbac0933d69347c9c4a6307e0de59a19cc1ba090ee0558bb24077dcb700","size":113833,"path":"media/images/test_roc_curve_17_7b28bfbac0933d69347c.png","format":"png"},"test_mae":0.8251425623893738,"val_accuracy":0.9725779462486767,"val_output_steps_loss":0.869106650352478,"output_success_loss":0.018044548109173775}