{"test_rmse":1.021069590159409,"val_accuracy":0.9726120957552163,"test_accuracy":0.9731942215088283,"loss":0.7509519457817078,"output_steps_loss":0.902776837348938,"val_output_success_accuracy":0.9725096225738525,"_wandb":{"runtime":166},"epoch":28,"test_scatter":{"path":"media/images/test_scatter_31_b6c3581e0d31b6a00f57.png","format":"png","width":2811,"height":2365,"_type":"image-file","sha256":"b6c3581e0d31b6a00f571eca62979a3b3bc264ef1679cb679b53375eab716a25","size":1604069},"test_large_error_rate":0.13996789727126807,"_runtime":166,"test_auc":0.8566842357908159,"val_auc":0.8311783848761182,"val_output_steps_loss":0.8470965027809143,"validation_scatter":{"width":2771,"height":2365,"_type":"image-file","sha256":"3b93a3c7df4cbacbe6c8f624cce7dde89dfaa0b8024f9c3d21f13742f2b216d9","size":2252300,"path":"media/images/validation_scatter_29_3b93a3c7df4cbacbe6c8.png","format":"png"},"_timestamp":1.765028107647392e+09,"val_output_success_loss":0.015837278217077255,"output_success_accuracy":0.9613809585571289,"validation_roc_curve":{"format":"png","width":2107,"height":1638,"_type":"image-file","sha256":"56e3c1c753d4b3f65a4bd6f68679d69699ef1365d22e2a9b208ae2dedf275e71","size":129691,"path":"media/images/validation_roc_curve_29_56e3c1c753d4b3f65a4b.png"},"val_rmse":1.0510183300884361,"_step":32,"val_large_error_rate":0.15432162005259023,"test_mae":0.8142650723457336,"test_roc_curve":{"_type":"image-file","sha256":"19871d957d4aafaca7074c988b4860adf2ad80529013db451592c5f4d64160bb","size":113412,"path":"media/images/test_roc_curve_31_19871d957d4aafaca707.png","format":"png","width":2107,"height":1638},"output_success_loss":0.01804523728787899,"val_mae":0.8464953899383545,"val_loss":0.7039313912391663}