{"validation_roc_curve":{"path":"media/images/validation_roc_curve_14_e534ce9ede4f6906aba0.png","format":"png","width":2107,"height":1638,"_type":"image-file","sha256":"e534ce9ede4f6906aba026798b2b5e236bb273fe0c8d5119e57a14f32193592e","size":122174},"test_accuracy":0.9743631436314363,"_wandb":{"runtime":62},"test_roc_curve":{"size":137978,"path":"media/images/test_roc_curve_16_0a4ce57f86cd6c8d1c82.png","format":"png","width":2107,"height":1638,"_type":"image-file","sha256":"0a4ce57f86cd6c8d1c824a68d274cfb105c3274b83024034c982dc8e8d6fa13b"},"loss_curve":{"width":3570,"height":1765,"_type":"image-file","sha256":"c87f6f5612aacb89e01cb15bb41492b46e622f8b070918ef270d4c21614fe798","size":190332,"path":"media/images/loss_curve_12_c87f6f5612aacb89e01c.png","format":"png"},"val_output_success_accuracy":0.9762135744094849,"output_success_loss":0.11498765647411346,"val_output_success_loss":0.07480752468109131,"loss":1.2748768329620361,"val_mae":0.8044366240501404,"val_auc":0.8481464191842822,"val_loss":1.093331217765808,"_runtime":62,"_step":17,"output_steps_loss":1.2174535989761353,"val_accuracy":0.9762135922330097,"test_rmse":1.031539240646812,"test_auc":0.8677141016810181,"val_large_error_rate":0.1395631067961165,"val_rmse":1.0050549299496951,"val_output_steps_loss":1.0491886138916016,"test_large_error_rate":0.14607046070460705,"test_mae":0.8335617184638977,"output_success_accuracy":0.9678533673286438,"_timestamp":1.764579417355611e+09,"epoch":12}