{"val_output_success_accuracy":0.9737539887428284,"output_success_accuracy":0.9646809697151184,"val_auc":0.8450005087631005,"val_output_success_loss":0.0970533937215805,"val_accuracy":0.9737539766702015,"output_steps_loss":1.327523112297058,"output_success_loss":0.13255035877227783,"val_large_error_rate":0.14262990455991517,"epoch":12,"validation_roc_curve":{"size":122479,"path":"media/images/validation_roc_curve_14_ffc735642a4b829b21dd.png","format":"png","width":2107,"height":1638,"_type":"image-file","sha256":"ffc735642a4b829b21dd4dbef9361814fe55e82e103ab7a8f3585066a555916a"},"test_large_error_rate":0.16010760187306963,"loss":1.3938390016555786,"_step":17,"val_loss":1.0795118808746338,"test_auc":0.7583190705718125,"_runtime":101,"test_rmse":1.064410903513274,"_timestamp":1.7645880566088233e+09,"test_roc_curve":{"sha256":"72ffaf5b5d507d88f49c3583eb02cb9fb8d463f8ba39a3f6046b7f6f49b09336","size":142093,"path":"media/images/test_roc_curve_16_72ffaf5b5d507d88f49c.png","format":"png","width":2107,"height":1638,"_type":"image-file"},"_wandb":{"runtime":101},"val_mae":0.810696005821228,"test_accuracy":0.9762379196971207,"test_mae":0.8533551692962646,"loss_curve":{"format":"png","width":3569,"height":1765,"_type":"image-file","sha256":"d9969422adf4b2b3a23f0ad119df0580e5331bfb40a5181dc7e1319363eed395","size":171232,"path":"media/images/loss_curve_12_d9969422adf4b2b3a23f.png"},"val_output_steps_loss":1.0336087942123413,"val_rmse":1.0091725716285558}