{"val_loss":1.0855128765106201,"val_output_success_accuracy":0.9737539887428284,"epoch":9,"val_accuracy":0.9737539766702015,"test_accuracy":0.9762379196971207,"loss":1.3471013307571411,"loss_curve":{"height":1765,"_type":"image-file","sha256":"76ca659e864c67cef6bd4ebbf841cd520d09cf75d0aa9b53964ce5f1621f6caf","size":188170,"path":"media/images/loss_curve_9_76ca659e864c67cef6bd.png","format":"png","width":3570},"val_mae":0.8125131130218506,"_timestamp":1.764587431601236e+09,"output_success_loss":0.1261986494064331,"val_output_steps_loss":1.0408101081848145,"output_success_accuracy":0.9646474719047546,"test_mae":0.855699896812439,"test_large_error_rate":0.1617515193783003,"_step":14,"output_steps_loss":1.2841209173202515,"val_auc":0.8135534490013119,"val_large_error_rate":0.13997879109225875,"_runtime":91,"_wandb":{"runtime":91},"val_output_success_loss":0.09355317056179047,"validation_roc_curve":{"_type":"image-file","sha256":"cb9df164bc5b0c033e902c8f2fa5359624cc7e2986f1f0039dc3d6a5818e9268","size":122985,"path":"media/images/validation_roc_curve_11_cb9df164bc5b0c033e90.png","format":"png","width":2107,"height":1638},"test_roc_curve":{"height":1638,"_type":"image-file","sha256":"ca4ab42d8e14a2791441dfe5dafa2b7b54e2ec59ec44edb68fdd6f918e7eb43c","size":141129,"path":"media/images/test_roc_curve_13_ca4ab42d8e14a2791441.png","format":"png","width":2107},"test_rmse":1.066967882650803,"test_auc":0.7748526947980849,"val_rmse":1.0118764511390161}