{"output_steps_loss":1.2931734323501587,"test_rmse":1.094655942383048,"test_accuracy":0.9727964398507034,"_runtime":52,"val_auc":0.8709194131091941,"val_output_success_loss":0.015061868354678154,"val_mae":0.8182350993156433,"test_large_error_rate":0.1740956072351421,"loss":0.6926917433738708,"epoch":24,"val_output_steps_loss":1.038751244544983,"val_accuracy":0.9714812712826334,"_wandb":{"runtime":52},"loss_curve":{"path":"media/images/loss_curve_24_9eb03421a5216a531e83.png","format":"png","width":3568,"height":1765,"_type":"image-file","sha256":"9eb03421a5216a531e8384e0602a1f1456d54ef8d79d6e4bdaa9bb2b2a680e79","size":175310},"val_large_error_rate":0.1471339387060159,"test_auc":0.7852498338671983,"val_loss":0.5612691044807434,"output_success_loss":0.019417952746152878,"validation_roc_curve":{"width":2107,"height":1638,"_type":"image-file","sha256":"6bc653ca833c32e15d950eb5dbb7b95c601813963cdfcc29698fc9bee1348ea7","size":110629,"path":"media/images/validation_roc_curve_26_6bc653ca833c32e15d95.png","format":"png"},"test_roc_curve":{"height":1638,"_type":"image-file","sha256":"b1726c67987c8ada3448d93bcbc9e4a53507925ba5e749226170bfad647a414b","size":129124,"path":"media/images/test_roc_curve_28_b1726c67987c8ada3448.png","format":"png","width":2107},"_step":29,"test_mae":0.8808076977729797,"output_success_accuracy":0.9587152600288391,"_timestamp":1.7646068440520396e+09,"val_rmse":1.0198240480876701,"val_output_success_accuracy":0.9714812636375427}