{"val_accuracy":0.9713393870601589,"val_rmse":1.0329826711104073,"test_rmse":1.109811401497259,"output_success_loss":0.019065678119659424,"val_mae":0.8252831697463989,"loss":0.2135932892560959,"_wandb":{"runtime":74},"val_output_success_accuracy":0.9714812636375427,"val_loss":0.1872515231370926,"_runtime":74,"output_steps_loss":0.9376549124717712,"_timestamp":1.7646352334049864e+09,"test_roc_curve":{"sha256":"f4962f0c4d97af10304720fc08309bf4ffbb886714e9ae336e94e31e2d99df47","size":128606,"path":"media/images/test_roc_curve_28_f4962f0c4d97af103047.png","format":"png","width":2107,"height":1638,"_type":"image-file"},"validation_roc_curve":{"height":1638,"_type":"image-file","sha256":"d26ba3d0905c4defb2c0df7c8d767b80880b3b51c540665e7e30ee9cc41f4a1f","size":116835,"path":"media/images/validation_roc_curve_26_d26ba3d0905c4defb2c0.png","format":"png","width":2107},"loss_curve":{"_type":"image-file","sha256":"055ee7812f699265ed9a2b5f49cdd34786949e15d6e178c43565d1bd0dcff8fd","size":205082,"path":"media/images/loss_curve_24_055ee7812f699265ed9a.png","format":"png","width":3569,"height":1765},"output_success_accuracy":0.9589440822601318,"test_accuracy":0.9721863336204422,"_step":29,"test_mae":0.8877718448638916,"test_auc":0.7927653298176113,"val_large_error_rate":0.1492622020431328,"val_auc":0.8728035832780359,"test_large_error_rate":0.17703847258110825,"epoch":24,"val_output_success_loss":0.014918486587703228,"val_output_steps_loss":0.8259104490280151}