{"loss":1.2690987586975098,"loss_curve":{"height":1765,"_type":"image-file","sha256":"e7a8272965d207bbb5a4d262b72295244c59fd79f0204adbcd07dde695621a48","size":186437,"path":"media/images/loss_curve_14_e7a8272965d207bbb5a4.png","format":"png","width":3570},"test_rmse":1.0313954106318826,"output_steps_loss":1.2114492654800415,"test_accuracy":0.9743631436314363,"val_loss":1.085343599319458,"_wandb":{"runtime":85},"_timestamp":1.7645771578592727e+09,"test_auc":0.8457492842922028,"test_large_error_rate":0.1462330623306233,"val_accuracy":0.9762135922330097,"validation_roc_curve":{"width":2107,"height":1638,"_type":"image-file","sha256":"da6e49af69b3eb06236568ef5758076290d44c918fe8b4a223e0933683df18a5","size":122656,"path":"media/images/validation_roc_curve_16_da6e49af69b3eb062365.png","format":"png"},"val_mae":0.8040488958358765,"test_mae":0.8331792950630188,"val_rmse":1.0046779768568093,"output_success_loss":0.115776427090168,"output_success_accuracy":0.9678533673286438,"val_auc":0.8306381229766893,"val_output_steps_loss":1.0421334505081177,"val_output_success_accuracy":0.9762135744094849,"val_large_error_rate":0.14271844660194175,"val_output_success_loss":0.07475607097148895,"epoch":14,"test_roc_curve":{"height":1638,"_type":"image-file","sha256":"f0304aec39f20248192a463b2054c41f0d138f94a4c9c4fe4ae622987517e792","size":138558,"path":"media/images/test_roc_curve_18_f0304aec39f20248192a.png","format":"png","width":2107},"_runtime":85,"_step":19}