{"_timestamp":1.7646035877507844e+09,"_runtime":63,"output_success_accuracy":0.9587581753730774,"loss_curve":{"size":174649,"path":"media/images/loss_curve_29_cdf816a32bcdf6874295.png","format":"png","width":3566,"height":1765,"_type":"image-file","sha256":"cdf816a32bcdf6874295d9003eb5d1fe6b42b534585b43285e865f1ee5d22ce7"},"test_auc":0.7849577548018514,"val_rmse":1.0207541428555948,"_step":34,"val_auc":0.8693246331932463,"val_loss":0.5553494095802307,"val_output_success_loss":0.014961971901357174,"output_steps_loss":1.2826132774353027,"test_rmse":1.0971694355485022,"output_success_loss":0.0190918929874897,"val_large_error_rate":0.14841089670828603,"val_output_steps_loss":1.0406813621520996,"validation_roc_curve":{"size":112316,"path":"media/images/validation_roc_curve_31_61837c25a149cda605fb.png","format":"png","width":2107,"height":1638,"_type":"image-file","sha256":"61837c25a149cda605fb0b957502a0ab0ec048afe0cabca349820b54196026e4"},"_wandb":{"runtime":63},"val_accuracy":0.9713393870601589,"test_mae":0.8832960724830627,"test_large_error_rate":0.1741314958369222,"test_roc_curve":{"path":"media/images/test_roc_curve_33_f71eab96a2638bcd6604.png","format":"png","width":2107,"height":1638,"_type":"image-file","sha256":"f71eab96a2638bcd66043a6de95d7ad1dd0c4e235706fc742d5d89635adaf83f","size":129018},"val_mae":0.8192799687385559,"epoch":29,"test_accuracy":0.972581108240023,"val_output_success_accuracy":0.9713394045829773,"loss":0.6801406741142273}