{"graph": {"_type": "graph-file", "sha256": "8b45c54c7b6a11abdbba29dc42f904d1b26f13c256a9685d2815422157411a51", "size": 3203, "path": "media/graph/graph_summary_8b45c54c7b6a11abdbba.graph.json"}, "epoch": 2, "_timestamp": 1764207676.2026684, "loss": 1.3137788772583008, "output_steps_loss": 1.2565052509307861, "output_success_loss": 0.11454545706510544, "output_success_accuracy": 0.9672932624816895, "val_loss": 1.4257382154464722, "val_output_steps_loss": 1.3699647188186646, "val_output_success_loss": 0.11154600977897644, "val_output_success_accuracy": 0.9676393270492554, "_runtime": 257.2126214504242, "_step": 5, "best_val_loss": 1.2993032932281494, "best_epoch": 0, "loss_curve": {"_type": "image-file", "sha256": "d99234933811a262f9a8611083e012d8d8b972622dc4bf84326f2e871a5673c7", "size": 199185, "path": "media/images/loss_curve_3_d99234933811a262f9a8.png", "format": "png", "width": 3569, "height": 1767}, "val_mae": 0.9082455635070801, "val_rmse": 1.1134831830978624, "val_accuracy": 0.966376130564398, "val_auc": 0.8551029982451512, "val_large_error_rate": 0.18226466575716235, "test_mae": 0.9086253046989441, "test_rmse": 1.1132443605970173, "test_accuracy": 0.9665050616313939, "test_auc": 0.8566070781333044, "test_large_error_rate": 0.18170839849325832, "prediction_trends": {"_type": "image-file", "sha256": "0dac736fc9ca9af239edf9416688736ec66f15e62409621c86963bc96a504bea", "size": 316744, "path": "media/images/prediction_trends_5_0dac736fc9ca9af239ed.png", "format": "png", "width": 3569, "height": 1765}, "_wandb": {"runtime": 255}}