{"_step":28,"output_success_loss":0.017694726586341858,"val_smart_acc":0.914694532664003,"test_mae":0.815341591835022,"optimal_threshold":0.6600000000000001,"_runtime":144,"test_auc":0.861736432599362,"val_auc":0.8357126930341392,"val_output_success_loss":0.01573038287460804,"val_neg_rec":0.4708798017348203,"val_loss":0.7094443440437317,"loss":0.7604016065597534,"test_neg_rec":0.48554913294797686,"val_mae":0.8489359021186829,"test_smart_acc":0.9252006420545746,"_timestamp":1.7651128495077412e+09,"val_output_steps_loss":0.8499566316604614,"val_output_success_accuracy":0.9724754691123962,"val_rmse":1.056548955470058,"output_success_accuracy":0.9608400464057922,"output_steps_loss":0.9109571576118469,"test_rmse":1.025446485178602,"_wandb":{"runtime":144}}