{"loss":0.7818421721458435,"test_accuracy":0.9738096138572672,"output_steps_loss":0.9360849261283875,"validation_roc_curve":{"size":126121,"path":"media/images/validation_roc_curve_23_5dd8002cec36c9f6ede7.png","format":"png","width":2107,"height":1638,"_type":"image-file","sha256":"5dd8002cec36c9f6ede737e40ccca49cfd2f9088637f2a1d7b68688cc23bae24"},"val_output_success_accuracy":0.9774472117424011,"_step":26,"val_rmse":1.068549660538549,"val_output_steps_loss":0.8598192930221558,"val_mae":0.8515476584434509,"val_auc":0.8008949821524061,"output_success_accuracy":0.9592983722686768,"val_accuracy":0.9774471883368046,"test_rmse":1.0904842668471426,"loss_curve":{"sha256":"5728395aff3781a07a0a5a13fa070873f0c6be69beb52af161e674518e8b5e2f","size":192294,"path":"media/images/loss_curve_21_5728395aff3781a07a0a.png","format":"png","width":3570,"height":1765,"_type":"image-file"},"test_roc_curve":{"width":2107,"height":1638,"_type":"image-file","sha256":"b5cc42e869a23f4b71b900950ab9f573b93944841100de6f12c62f69d22f7466","size":129599,"path":"media/images/test_roc_curve_25_b5cc42e869a23f4b71b9.png","format":"png"},"val_loss":0.7143862843513489,"_runtime":109,"test_mae":0.8703775405883789,"test_large_error_rate":0.16862070269656973,"val_output_success_loss":0.0144383879378438,"test_auc":0.7963240115613185,"_timestamp":1.7646430175609014e+09,"_wandb":{"runtime":109},"epoch":21,"val_large_error_rate":0.15798869384111872,"output_success_loss":0.01928110420703888}