{"_step":33,"val_loss":0.3199170231819153,"output_success_accuracy":0.9655759334564209,"validation_roc_curve":{"path":"media/images/validation_roc_curve_30_781920d5b5892fb3b252.png","format":"png","width":2107,"height":1638,"_type":"image-file","sha256":"781920d5b5892fb3b252dc63ec12bfa1dffbf8447bb18381818c7853cf26e662","size":127682},"val_large_error_rate":0.15623399241880956,"test_large_error_rate":0.14093097913322633,"val_auc":0.8687662455550734,"val_accuracy":0.9729535908206126,"test_scatter":{"width":2771,"height":2365,"_type":"image-file","sha256":"2e3e292afea31622658b2e8b236068d7b7718e044101829873c5aa663f804b23","size":1504085,"path":"media/images/test_scatter_32_2e3e292afea31622658b.png","format":"png"},"output_success_loss":0.1160714328289032,"val_rmse":1.0569120893958015,"test_mae":0.821861982345581,"epoch":29,"loss":0.4003215730190277,"val_output_success_accuracy":0.972680389881134,"test_accuracy":0.9731942215088283,"test_roc_curve":{"format":"png","width":2107,"height":1638,"_type":"image-file","sha256":"6a45418abfafffadafa11774a1fe208daa9ecbcee174135feb5083794ea0d883","size":113206,"path":"media/images/test_roc_curve_32_6a45418abfafffadafa1.png"},"_timestamp":1.7650323064783375e+09,"val_output_success_loss":0.09699265658855438,"_runtime":2253,"validation_scatter":{"_type":"image-file","sha256":"c0fcb6aabe158219650633391c5bcd0c8ff5d314c905d1483af0a6b2bb1c0351","size":2200166,"path":"media/images/validation_scatter_30_c0fcb6aabe1582196506.png","format":"png","width":2771,"height":2365},"val_mae":0.855514645576477,"_wandb":{"runtime":2253},"test_auc":0.8829100424579215,"output_steps_loss":1.4212275743484497,"val_output_steps_loss":1.1179840564727783,"test_rmse":1.027728106756172}