{"test_roc_curve":{"sha256":"f3a863e2e6d6357f6c85453964cef531d284136d206c1db8ff15921e33fe22c0","size":142365,"path":"media/images/test_roc_curve_12_f3a863e2e6d6357f6c85.png","format":"png","width":2107,"height":1638,"_type":"image-file"},"_timestamp":1.764589188361264e+09,"test_large_error_rate":0.1634950682474843,"test_rmse":1.0811091050095312,"test_accuracy":0.9762379196971207,"_wandb":{"runtime":88},"val_rmse":1.0155646086123975,"_runtime":88,"loss":1.428108811378479,"val_output_success_loss":0.10013756901025772,"val_accuracy":0.9737539766702015,"output_success_loss":0.14100408554077148,"val_large_error_rate":0.14395546129374337,"loss_curve":{"width":3570,"height":1765,"_type":"image-file","sha256":"83c1d6a556ce7fd56f0d4a14287d199bb4b77afa9982dbcde790f7d5a3ea6edd","size":185967,"path":"media/images/loss_curve_8_83c1d6a556ce7fd56f0d.png","format":"png"},"test_mae":0.8678635358810425,"val_auc":0.18349434997951197,"validation_roc_curve":{"height":1638,"_type":"image-file","sha256":"af51765d4bf3a0aa5ebc392e0c6b8c3ecf828944e7cb9853c5c6eb16f9fc32be","size":126067,"path":"media/images/validation_roc_curve_10_af51765d4bf3a0aa5ebc.png","format":"png","width":2107},"val_output_success_accuracy":0.9737539887428284,"val_loss":1.2381833791732788,"output_steps_loss":1.3578652143478394,"_step":13,"output_success_accuracy":0.9646474719047546,"val_output_steps_loss":1.1924742460250854,"epoch":8,"val_mae":0.8160269856452942,"test_auc":0.25419252444085855}