{"val_mae": 0.9177996516227722, "val_rmse": 1.1249096622224009, "val_accuracy": 0.9670936284169572, "val_auc": 0.8642741603903403, "val_large_error_rate": 0.06944823404577838, "val_precision": 0.38705497402117184, "val_recall": 0.18115531341591345, "val_f1": 0.1581070385028857, "test_mae": 0.9181146621704102, "test_rmse": 1.1244995805596247, "test_accuracy": 0.9671316074690327, "test_auc": 0.8663569502810226, "test_large_error_rate": 0.06917520798542776, "test_precision": 0.38604195929515883, "test_recall": 0.18045971404013977, "test_f1": 0.15683164713071054, "_timestamp": 1764409339.7567682, "_runtime": 147.18732213974, "_step": 2, "prediction_trends": {"_type": "image-file", "sha256": "b084673081b4af00770cc1eeaff2e0145dc5599f4754ce29998d0520c4914ec7", "size": 321854, "path": "media/images/prediction_trends_1_b084673081b4af00770c.png", "format": "png", "width": 3569, "height": 1765}, "confusion_matrix": {"_type": "image-file", "sha256": "73131caefbcf353a9112fd2ea89e93b62f4c0a68bb19f843fd0f63e64a9e8a40", "size": 149464, "path": "media/images/confusion_matrix_2_73131caefbcf353a9112.png", "format": "png", "width": 2606, "height": 2367}, "_wandb": {"runtime": 145}}