{"test_mae":0.8867822885513306,"_wandb":{"runtime":985},"loss_curve":{"width":3569,"height":1767,"_type":"image-file","sha256":"d919130101a6d340efca1342a51b88ea0edcf32fc204667b40d940ca17a7cd78","size":157770,"path":"media/images/loss_curve_0_d919130101a6d340efca.png","format":"png"},"test_accuracy":0.968693389193782,"val_auc":0.8393569859747654,"val_rmse":1.0891860016203814,"_runtime":985,"test_auc":0.8446623611643029,"val_large_error_rate":0.17192927816774872,"val_mae":0.8874776363372803,"test_rmse":1.0887883042299442,"test_large_error_rate":0.17042691561616605,"val_accuracy":0.9688795189382142,"_timestamp":1.7644982476443794e+09,"_step":1}