{"test_roc_curve":{"_type":"image-file","sha256":"03d7126e1702fea54a38aea6ebeac396e904e0c59ab6d5b24544539b90311332","size":120431,"path":"media/images/test_roc_curve_7_03d7126e1702fea54a38.png","format":"png","width":2107,"height":1638},"output_success_loss":0.17328695952892303,"val_rmse":1.1154031442120118,"test_accuracy":0.9727126805778491,"_runtime":400,"test_auc":0.8008986878984904,"test_large_error_rate":0.17158908507223114,"output_steps_loss":2.149702310562134,"val_large_error_rate":0.1881979305399037,"output_success_accuracy":0.9650350213050842,"test_scatter":{"height":2365,"_type":"image-file","sha256":"db93863a88b36bfb467dadee25cd30aa2d12223dd283ee198d25548c9935759d","size":1083061,"path":"media/images/test_scatter_7_db93863a88b36bfb467d.png","format":"png","width":2811},"_step":8,"_timestamp":1.7650285650974746e+09,"test_mae":0.8673246502876282,"val_output_success_accuracy":0.9724413752555847,"validation_scatter":{"width":2811,"height":2365,"_type":"image-file","sha256":"d8f396e37afcd4829d7b008af55b44f7dd0b3ec28876f8e599f4b2a96d0809e9","size":1394010,"path":"media/images/validation_scatter_5_d8f396e37afcd4829d7b.png","format":"png"},"test_rmse":1.089086891897252,"validation_roc_curve":{"width":2107,"height":1638,"_type":"image-file","sha256":"46e15e79d9a5b19cdfd3b76fc5da263cd0b9531c2bb916e60bf517a910532678","size":131519,"path":"media/images/validation_roc_curve_5_46e15e79d9a5b19cdfd3.png","format":"png"},"val_auc":0.7836943887006392,"_wandb":{"runtime":400},"val_accuracy":0.9728511423009938,"val_mae":0.9003334641456604,"epoch":4,"val_output_success_loss":0.13130982220172882,"loss":0.603322446346283,"val_output_steps_loss":1.3035250902175903,"val_loss":0.3914978802204132}