{"graph": {"_type": "graph-file", "sha256": "388f45f35ac858afc4494f41b32c665836aee6d53bb9c75ea1831a22930cc303", "size": 3203, "path": "media/graph/graph_summary_388f45f35ac858afc449.graph.json"}, "epoch": 5, "_timestamp": 1764254974.3764176, "loss": 1.294028401374817, "output_steps_loss": 1.2382667064666748, "output_success_loss": 0.11152426898479462, "output_success_accuracy": 0.96761554479599, "val_loss": 1.3065353631973267, "val_output_steps_loss": 1.2510879039764404, "val_output_success_loss": 0.11089480668306351, "val_output_success_accuracy": 0.9677757620811462, "_runtime": 416.918009519577, "_step": 8, "best_val_loss": 1.2932935953140259, "best_epoch": 1, "loss_curve": {"_type": "image-file", "sha256": "393194dc11eca29f0256148946c270b2b3b8e0fb89c1615ad68268b7b5fe9b0d", "size": 164559, "path": "media/images/loss_curve_6_393194dc11eca29f0256.png", "format": "png", "width": 3569, "height": 1767}, "val_mae": 0.9060101509094238, "val_rmse": 1.1122196958790314, "val_accuracy": 0.9663736041635087, "val_auc": 0.8634968277961375, "val_large_error_rate": 0.18080440604315093, "test_mae": 0.9063693881034851, "test_rmse": 1.1119517100366774, "test_accuracy": 0.9665012720396341, "test_auc": 0.865392822222318, "test_large_error_rate": 0.18026456403273197, "prediction_trends": {"_type": "image-file", "sha256": "668d2625acbd41de14dff071a6c95fc5e84ace3dca5df480e7b9189d88a36ada", "size": 326508, "path": "media/images/prediction_trends_8_668d2625acbd41de14df.png", "format": "png", "width": 3569, "height": 1765}, "_wandb": {"runtime": 415}}