{"val_output_steps_loss":0.9299085736274719,"_wandb":{"runtime":1629},"test_accuracy":0.9733547351524879,"val_accuracy":0.9728852918075334,"output_success_loss":0.1203288659453392,"test_roc_curve":{"height":1638,"_type":"image-file","sha256":"b39c662dbc6af3c7a868c4a78c26160cc18a8ae675419cd966b4a90544dc44bf","size":129223,"path":"media/images/test_roc_curve_16_b39c662dbc6af3c7a868.png","format":"png","width":2107},"validation_roc_curve":{"path":"media/images/validation_roc_curve_14_eb3f32ed2c199501c0b5.png","format":"png","width":2107,"height":1638,"_type":"image-file","sha256":"eb3f32ed2c199501c0b5f7c140bcb0aa3b660595b38054e029596f47275f73f1","size":138181},"val_loss":0.6546604633331299,"val_output_success_accuracy":0.9724413752555847,"val_large_error_rate":0.17682614486220674,"test_rmse":1.086005942843003,"epoch":13,"_runtime":1629,"test_large_error_rate":0.163884430176565,"loss":0.667823851108551,"test_mae":0.868648111820221,"output_steps_loss":0.9120601415634155,"output_success_accuracy":0.9652584195137024,"val_output_success_loss":0.09723056852817535,"_step":17,"_timestamp":1.7646599929115422e+09,"val_auc":0.8702302058143095,"val_rmse":1.1106094154891688,"val_mae":0.8954142928123474,"test_auc":0.8821795066330362}