{"test_large_error_rate":0.16538806416259838,"val_auc":0.15953160793890442,"val_loss":1.3051007986068726,"epoch":8,"output_success_loss":0.14852112531661987,"validation_roc_curve":{"size":123078,"path":"media/images/validation_roc_curve_10_0cd8030681c6a5c9fa39.png","format":"png","width":2107,"height":1638,"_type":"image-file","sha256":"0cd8030681c6a5c9fa394b7da67ab3f21aae1f3de685f0f50e068c35a946b9aa"},"test_roc_curve":{"height":1638,"_type":"image-file","sha256":"b6dae91415485f9f74ffe318023cf79720f6d19f92f33930c01247f34b56b474","size":140677,"path":"media/images/test_roc_curve_12_b6dae91415485f9f74ff.png","format":"png","width":2107},"val_output_steps_loss":1.2570222616195679,"test_accuracy":0.9762379196971207,"output_steps_loss":1.3719120025634766,"val_large_error_rate":0.1428950159066808,"test_rmse":1.0831289404232243,"val_output_success_loss":0.10569210350513458,"_step":13,"val_mae":0.8162335753440857,"loss_curve":{"width":3570,"height":1765,"_type":"image-file","sha256":"f7e7591b6bcea49d17eff77c5f28dbf8b408bec457442d576ef48ae9495bd700","size":186783,"path":"media/images/loss_curve_8_f7e7591b6bcea49d17ef.png","format":"png"},"val_output_success_accuracy":0.9737539887428284,"_runtime":87,"output_success_accuracy":0.9646474719047546,"_wandb":{"runtime":87},"loss":1.4457963705062866,"val_accuracy":0.9737539766702015,"test_auc":0.23673162013310342,"_timestamp":1.7645893202174258e+09,"val_rmse":1.0167752135025179,"test_mae":0.86875981092453}