{"test_large_error_rate":0.15056910569105691,"output_steps_loss":1.2225793600082397,"loss_curve":{"path":"media/images/loss_curve_11_b0f3b4561fbf2a78838b.png","format":"png","width":3570,"height":1765,"_type":"image-file","sha256":"b0f3b4561fbf2a78838bf8913203e0a5376b6310409420a93fc9b775433819f3","size":178013},"val_large_error_rate":0.1436893203883495,"output_success_accuracy":0.9678533673286438,"_timestamp":1.764578895196955e+09,"loss":1.2859749794006348,"val_output_steps_loss":1.085831880569458,"val_output_success_loss":0.08364913612604141,"test_auc":0.7368782003690175,"validation_roc_curve":{"sha256":"08778850c94db22e626a3265af5702b624fc41591849b47ba29e82666f8f54af","size":123957,"path":"media/images/validation_roc_curve_13_08778850c94db22e626a.png","format":"png","width":2107,"height":1638,"_type":"image-file"},"val_auc":0.7225641624128518,"test_roc_curve":{"format":"png","width":2107,"height":1638,"_type":"image-file","sha256":"7115abbc9c3f8c99658bb7fd46d43d16d699c632b4204672c5cc77f2eef27772","size":142309,"path":"media/images/test_roc_curve_15_7115abbc9c3f8c99658b.png"},"_runtime":64,"test_mae":0.8406380414962769,"output_success_loss":0.12663471698760986,"test_rmse":1.0384550111380733,"test_accuracy":0.9743631436314363,"_wandb":{"runtime":64},"_step":16,"val_loss":1.1318162679672241,"epoch":11,"val_accuracy":0.9762135922330097,"val_mae":0.8092188239097595,"val_rmse":1.0132964804393692,"val_output_success_accuracy":0.9762135744094849}