{"val_mae": 0.9164091944694519, "val_rmse": 1.1247314026518807, "val_accuracy": 0.9663736041635087, "val_auc": 0.8484670518574953, "val_large_error_rate": 0.18693345460057603, "test_mae": 0.916763186454773, "test_rmse": 1.1243283067966552, "test_accuracy": 0.9665012720396341, "test_auc": 0.8502902366139494, "test_large_error_rate": 0.18630643649528447, "_timestamp": 1764404946.0706909, "_runtime": 155.95109677314758, "_step": 1, "prediction_trends": {"_type": "image-file", "sha256": "7b4f4722f2b7ecf1f5da0e8d77058304949c2e363e70b056eeaff6a8d3338bfe", "size": 355833, "path": "media/images/prediction_trends_1_7b4f4722f2b7ecf1f5da.png", "format": "png", "width": 3569, "height": 1765}, "_wandb": {"runtime": 154}}