{"test_rmse":1.113978492169638,"test_mae":0.8961681127548218,"val_output_steps_loss":1.3494148254394531,"val_loss":0.7796604633331299,"val_accuracy":0.9719069239500567,"test_auc":0.7204067080318676,"val_auc":0.8011538745115387,"_step":13,"val_output_success_loss":0.10343943536281586,"loss_curve":{"_type":"image-file","sha256":"a01ce24e357227a0bb5ef6fba109b8f93009097e7953c4543a277143c43f9bfa","size":213587,"path":"media/images/loss_curve_8_a01ce24e357227a0bb5e.png","format":"png","width":3570,"height":1765},"test_roc_curve":{"_type":"image-file","sha256":"983ced9cbc3595f2b357f6b5737fc20039996581a5aacf50fd39862afcc099a4","size":145093,"path":"media/images/test_roc_curve_12_983ced9cbc3595f2b357.png","format":"png","width":2107,"height":1638},"val_rmse":1.0520851525520736,"val_mae":0.8495892882347107,"val_large_error_rate":0.1569239500567537,"test_accuracy":0.9752368647717485,"loss":0.8691274523735046,"test_large_error_rate":0.17725380419178868,"epoch":8,"_wandb":{"runtime":208},"output_success_accuracy":0.9618327021598816,"output_success_loss":0.14659540355205536,"_timestamp":1.7646005873403013e+09,"_runtime":208,"output_steps_loss":1.444794774055481,"val_output_success_accuracy":0.9719069004058838,"validation_roc_curve":{"path":"media/images/validation_roc_curve_10_b2c2a1fcd14eff9ef45b.png","format":"png","width":2107,"height":1638,"_type":"image-file","sha256":"b2c2a1fcd14eff9ef45b255ac4c81faa2e5bc7d142abc2ecc006a91d0b813ad1","size":132498}}