{"val_auc":0.876214701762147,"output_success_accuracy":0.9574211239814758,"test_mae":0.88264399766922,"val_output_success_accuracy":0.9723325967788696,"validation_roc_curve":{"sha256":"814647d40ffd850bd88fe25b2651edb1fba599cdd629e7d889bc5d040bcedabe","size":111250,"path":"media/images/validation_roc_curve_10_814647d40ffd850bd88f.png","format":"png","width":2107,"height":1638,"_type":"image-file"},"loss":0.7002979516983032,"loss_curve":{"size":203220,"path":"media/images/loss_curve_8_469770ab936840f7931d.png","format":"png","width":3570,"height":1765,"_type":"image-file","sha256":"469770ab936840f7931d42bd20341dc3324e9b2ff6faff2923bd211b047c8b9c"},"_step":13,"val_loss":0.7495087385177612,"val_large_error_rate":0.14557321225879682,"test_roc_curve":{"width":2107,"height":1638,"_type":"image-file","sha256":"921103e475ff81255a305a0b7f5eb56a68775a3de430ba333842b015ee3a8e17","size":130048,"path":"media/images/test_roc_curve_12_921103e475ff81255a30.png","format":"png"},"val_output_steps_loss":1.4396270513534546,"val_rmse":1.0359486551964379,"val_mae":0.8330052495002747,"_wandb":{"runtime":36},"test_large_error_rate":0.1741314958369222,"val_accuracy":0.9719069239500567,"_runtime":36,"_timestamp":1.7646025019406931e+09,"val_output_success_loss":0.015816550701856613,"test_rmse":1.0995396647877367,"test_accuracy":0.9752727533735286,"epoch":8,"output_steps_loss":1.3347588777542114,"output_success_loss":0.020189814269542694,"test_auc":0.769244898416325}