{"graph": {"_type": "graph-file", "sha256": "779d9424ef4d449768c9135d87b04bcff1584749a5d8ec71e0d1d6e8c14d90c7", "size": 2793, "path": "media/graph/graph_summary_779d9424ef4d449768c9.graph.json"}, "epoch": 4, "_timestamp": 1764156943.5020692, "loss": 1.2904869318008423, "output_steps_loss": 1.235479712486267, "output_success_loss": 0.11001106351613998, "output_success_accuracy": 0.967717707157135, "val_loss": 1.2905948162078857, "val_output_steps_loss": 1.2361515760421753, "val_output_success_loss": 0.1088867112994194, "val_output_success_accuracy": 0.9678276181221008, "_runtime": 1133.4927833080292, "_step": 4, "best_val_loss": 1.2905948162078857, "best_epoch": 4}