{"_step":18,"val_loss":1.126041293144226,"_wandb":{"runtime":33},"val_output_steps_loss":1.0655300617218018,"_runtime":33,"test_rmse":1.0884199789314368,"val_output_success_loss":0.11732636392116547,"output_success_accuracy":0.9618327021598816,"output_success_loss":0.15643800795078278,"val_accuracy":0.9719069239500567,"val_rmse":1.0204145325004552,"test_roc_curve":{"width":2107,"height":1638,"_type":"image-file","sha256":"9504eb24c4cf58871e0b1183ed45f34f17849a129fde9ebeb6e50b3641c06c72","size":143014,"path":"media/images/test_roc_curve_17_9504eb24c4cf58871e0b.png","format":"png"},"loss_curve":{"width":3569,"height":1765,"_type":"image-file","sha256":"bf077cc91e91ad5515b6b9dcd30e2512bb23f025379bc2ede3078bb13a1bcbdd","size":171171,"path":"media/images/loss_curve_13_bf077cc91e91ad5515b6.png","format":"png"},"val_auc":0.13969512644695126,"test_mae":0.8738540410995483,"epoch":13,"val_output_success_accuracy":0.9719069004058838,"test_large_error_rate":0.1688917599770313,"loss":1.4311692714691162,"val_mae":0.8187497854232788,"validation_roc_curve":{"width":2107,"height":1638,"_type":"image-file","sha256":"a16b0b07b8f2550fe3dfc7bac346186d8afc5f066e7fa14cffa2015c0c8199ae","size":129370,"path":"media/images/validation_roc_curve_15_a16b0b07b8f2550fe3df.png","format":"png"},"test_auc":0.23050344905562967,"val_large_error_rate":0.14344494892167992,"_timestamp":1.7645974032490852e+09,"test_accuracy":0.9752368647717485,"output_steps_loss":1.352586269378662}