{"test_large_error_rate":0.16215004483411377,"_timestamp":1.7645864288055842e+09,"val_accuracy":0.9737539766702015,"val_loss":1.1667888164520264,"test_accuracy":0.9762379196971207,"val_output_success_accuracy":0.9737539887428284,"validation_roc_curve":{"path":"media/images/validation_roc_curve_12_cff3649c915d7be70495.png","format":"png","width":2107,"height":1638,"_type":"image-file","sha256":"cff3649c915d7be70495e00899f64735137e67877d3e0ea88f5abce72176d48b","size":122770},"test_rmse":1.068482442458995,"test_auc":0.7881597202498265,"val_output_steps_loss":1.1223177909851074,"val_large_error_rate":0.14316012725344646,"_wandb":{"runtime":116},"val_rmse":1.0135285086854198,"_step":15,"epoch":10,"loss_curve":{"width":3570,"height":1765,"_type":"image-file","sha256":"f2e701938d429e106654b714d0832c5a8ab642016a73903a96e975a02b640ae6","size":180178,"path":"media/images/loss_curve_10_f2e701938d429e106654.png","format":"png"},"output_success_accuracy":0.9648065567016602,"_runtime":116,"loss":1.3353755474090576,"val_auc":0.842206436815748,"test_roc_curve":{"path":"media/images/test_roc_curve_14_26bc5c6656f8431ed275.png","format":"png","width":2107,"height":1638,"_type":"image-file","sha256":"26bc5c6656f8431ed275cae5d343395ac4a80113bdb9938087c4ea98b4ca77db","size":141863},"output_success_loss":0.125456303358078,"val_mae":0.8131612539291382,"output_steps_loss":1.2726783752441406,"val_output_success_loss":0.09557820111513138,"test_mae":0.8562600612640381}