{"val_loss":0.7096996903419495,"val_auc":0.8353390006637038,"output_success_loss":0.017751002684235573,"val_smart_miss_rate":0.13011152416356878,"_wandb":{"runtime":195},"_step":29,"test_smart_acc":0.6415730337078651,"output_steps_loss":0.9108188152313232,"test_smart_miss_rate":0.08670520231213873,"test_mae":0.8165823817253113,"test_auc":0.861312712277678,"val_output_success_loss":0.015630289912223816,"output_success_accuracy":0.9610546231269836,"_runtime":195,"optimal_threshold":0.7600000000000002,"val_output_success_accuracy":0.9724754691123962,"_timestamp":1.765111517406322e+09,"val_output_steps_loss":0.8499621152877808,"val_mae":0.848638653755188,"val_smart_acc":0.6083051599904381,"loss":0.7608289122581482}