{"val_rmse":1.1856758261219478,"_step":18,"val_auc":0.8549911523999115,"val_mae":0.9635551571846008,"loss_curve":{"height":1765,"_type":"image-file","sha256":"4c16ec3839422bacb211eec9df442d7e7a86ec1fcee5e5bdb010d9ce16f68ff4","size":223476,"path":"media/images/loss_curve_13_4c16ec3839422bacb211.png","format":"png","width":3570},"output_success_loss":0.1354353278875351,"output_success_accuracy":0.9624404907226562,"_runtime":303,"val_accuracy":0.9719069239500567,"validation_roc_curve":{"_type":"image-file","sha256":"1efad3319450a6ad8e61928f2bae7838010a7c025e42f9494d09cccfeba8ccd4","size":130900,"path":"media/images/validation_roc_curve_15_1efad3319450a6ad8e61.png","format":"png","width":2107,"height":1638},"output_steps_loss":0.9772137403488159,"test_auc":0.8265033018561007,"val_output_success_accuracy":0.9706299901008606,"val_loss":0.29645228385925293,"loss":0.33101314306259155,"test_rmse":1.220844327770804,"val_large_error_rate":0.21765039727582292,"test_accuracy":0.9752727533735286,"test_roc_curve":{"sha256":"6a6c01a5f8e75c43a6964b21b35c30fe63fccbf2ea8e3256cbaa7394edb584d5","size":140995,"path":"media/images/test_roc_curve_17_6a6c01a5f8e75c43a696.png","format":"png","width":2107,"height":1638,"_type":"image-file"},"test_large_error_rate":0.2270671834625323,"epoch":13,"_wandb":{"runtime":303},"val_output_steps_loss":0.9695677757263184,"_timestamp":1.7646073642091205e+09,"val_output_success_loss":0.102024145424366,"test_mae":0.9830968976020813}