{"_timestamp":1.7646375706712816e+09,"val_large_error_rate":0.14869466515323496,"test_accuracy":0.9749856445592879,"_wandb":{"runtime":165},"output_steps_loss":0.9386684894561768,"test_roc_curve":{"width":2107,"height":1638,"_type":"image-file","sha256":"a9e15fe28a9021fc2377244c07a4b8476dc9d950a0a2109d157c50cb373a53c7","size":130036,"path":"media/images/test_roc_curve_43_a9e15fe28a9021fc2377.png","format":"png"},"val_output_success_accuracy":0.9723325967788696,"output_success_loss":0.010280906222760677,"test_rmse":1.119299219954018,"val_rmse":1.0371866143554143,"val_loss":0.685261607170105,"val_auc":0.8546154980461549,"val_accuracy":0.9724744608399546,"epoch":39,"_runtime":165,"test_auc":0.7646922996513079,"_step":44,"val_mae":0.8275786638259888,"validation_roc_curve":{"width":2107,"height":1638,"_type":"image-file","sha256":"e52ef410e091aae4bbfdf20d5393b0cba61451369ff8a89dcb3ec6db9de47483","size":111796,"path":"media/images/validation_roc_curve_41_e52ef410e091aae4bbfd.png","format":"png"},"output_success_accuracy":0.9607959389686584,"val_output_success_loss":0.008248744532465935,"loss":0.7750909924507141,"val_output_steps_loss":0.8282933831214905,"loss_curve":{"sha256":"65fd1eba6c091072892a277d0132e043b796ee48b5ebe6624535892c7c2d3a23","size":190775,"path":"media/images/loss_curve_39_65fd1eba6c091072892a.png","format":"png","width":3569,"height":1765,"_type":"image-file"},"test_mae":0.893136203289032,"test_large_error_rate":0.1800890037324146}