{"_runtime":430,"val_mae":0.9345353841781616,"val_output_success_loss":0.10209730267524719,"test_roc_curve":{"size":135191,"path":"media/images/test_roc_curve_8_d6081737cf8c80aeb7a1.png","format":"png","width":2107,"height":1638,"_type":"image-file","sha256":"d6081737cf8c80aeb7a1cea6f610bb876ae08c0544e84609de53faeb13d957e4"},"_wandb":{"runtime":430},"output_success_loss":0.12987789511680603,"test_auc":0.5476995517535246,"validation_roc_curve":{"size":146314,"path":"media/images/validation_roc_curve_6_a93c8c1c6502cc2e4f4d.png","format":"png","width":2107,"height":1638,"_type":"image-file","sha256":"a93c8c1c6502cc2e4f4d13bc0fafd1bbc85001778631d25bf1dc5fe636c59299"},"test_accuracy":0.97223113964687,"test_rmse":1.139049434717754,"val_output_success_accuracy":0.9725096225738525,"val_auc":0.5247040356426151,"val_output_steps_loss":1.103599190711975,"epoch":5,"_step":9,"test_large_error_rate":0.18073836276083466,"val_loss":0.5430685877799988,"val_accuracy":0.9724413482225182,"output_steps_loss":0.9510707259178162,"loss":0.5101867318153381,"output_success_accuracy":0.965117335319519,"val_large_error_rate":0.19653041013557354,"val_rmse":1.1629507401022705,"_timestamp":1.7646500747033315e+09,"test_mae":0.9062641263008118}