{"val_output_success_loss":0.10974140465259552,"output_success_loss":0.15162509679794312,"val_large_error_rate":0.14952279957582185,"val_auc":0.18070027803215932,"test_auc":0.2561742272407459,"_runtime":62,"val_accuracy":0.9737539766702015,"val_output_success_accuracy":0.9737539887428284,"test_accuracy":0.9762379196971207,"test_mae":0.8775712251663208,"val_mae":0.8249632120132446,"loss":1.4220277070999146,"epoch":5,"val_output_steps_loss":1.12346351146698,"test_rmse":1.0935221843518665,"val_rmse":1.0273891772535764,"_timestamp":1.7645879204761198e+09,"validation_roc_curve":{"width":2107,"height":1638,"_type":"image-file","sha256":"a669517e300541b0ed05ffaa23970e22d196bf925a87e3fb5b44f1c17ebd26d9","size":126008,"path":"media/images/validation_roc_curve_7_a669517e300541b0ed05.png","format":"png"},"test_large_error_rate":0.16812792667131612,"_wandb":{"runtime":62},"_step":10,"output_success_accuracy":0.9646474719047546,"test_roc_curve":{"path":"media/images/test_roc_curve_9_7cdf78dcff73b26e354e.png","format":"png","width":2107,"height":1638,"_type":"image-file","sha256":"7cdf78dcff73b26e354e278a392db7711e18f69248e6425c5098cfbf28fca4fa","size":144049},"output_steps_loss":1.3463011980056763,"loss_curve":{"size":179860,"path":"media/images/loss_curve_5_9579717af504dee21dc0.png","format":"png","width":3570,"height":1765,"_type":"image-file","sha256":"9579717af504dee21dc0a09283fb5ec852445f36bbd2d0035a67d0a1d2701826"},"val_loss":1.1748579740524292}