{"loss_curve":{"size":182309,"path":"media/images/loss_curve_10_4b22d86f10439df78ae5.png","format":"png","width":3570,"height":1765,"_type":"image-file","sha256":"4b22d86f10439df78ae593e1f018ed6b1ed8281f5ee8ec481c8be4be92aec1d0"},"val_output_success_loss":0.07915171980857849,"val_output_steps_loss":1.0501835346221924,"test_roc_curve":{"format":"png","width":2107,"height":1638,"_type":"image-file","sha256":"4e87663b597213d2d7fca415dacf3c8f188e3efa19ed74ad3b19122ec410f00e","size":140922,"path":"media/images/test_roc_curve_14_4e87663b597213d2d7fc.png"},"val_large_error_rate":0.145873786407767,"_wandb":{"runtime":53},"val_accuracy":0.9762135922330097,"_runtime":53,"test_auc":0.8048964021563376,"val_loss":1.0968623161315918,"output_success_accuracy":0.9678533673286438,"test_mae":0.841904878616333,"val_rmse":1.0159234415405796,"output_steps_loss":1.2189772129058838,"test_accuracy":0.9743631436314363,"val_output_success_accuracy":0.9762135744094849,"loss":1.278834581375122,"epoch":10,"val_mae":0.8096880912780762,"val_auc":0.7713595632186241,"output_success_loss":0.11946292966604233,"test_rmse":1.0421478812995746,"validation_roc_curve":{"_type":"image-file","sha256":"44766b37f10da2786e118318b327c9ea226571ac1e090ca04a21d707c967a9e0","size":122402,"path":"media/images/validation_roc_curve_12_44766b37f10da2786e11.png","format":"png","width":2107,"height":1638},"test_large_error_rate":0.15262872628726287,"_step":15,"_timestamp":1.7645792438575916e+09}