{"test_rmse":1.1183915485706724,"val_output_steps_loss":0.8280497789382935,"val_large_error_rate":0.1482690124858116,"val_loss":0.6927542686462402,"test_roc_curve":{"size":129860,"path":"media/images/test_roc_curve_43_84958132a5718f3edb7e.png","format":"png","width":2107,"height":1638,"_type":"image-file","sha256":"84958132a5718f3edb7e6c6cb53f4cbf3aab7db5f463ae825901733dac929e4a"},"val_output_success_loss":0.015415740199387074,"loss_curve":{"path":"media/images/loss_curve_39_3393aa371dad557f840f.png","format":"png","width":3570,"height":1765,"_type":"image-file","sha256":"3393aa371dad557f840fbb0388676886d86141fcaad473e9f1a0f3fc8ef71063","size":193417},"val_rmse":1.0368858426971734,"test_auc":0.7676675967970236,"test_accuracy":0.9740884295147861,"_wandb":{"runtime":94},"val_auc":0.8572056329720563,"loss":0.7847623229026794,"val_mae":0.8275842070579529,"epoch":39,"validation_roc_curve":{"path":"media/images/validation_roc_curve_41_41955b8fe727d8aa1a99.png","format":"png","width":2107,"height":1638,"_type":"image-file","sha256":"41955b8fe727d8aa1a99a970248e96cc2b80e4e7286a18e2ed4b0dc38f4dfc5d","size":111401},"val_accuracy":0.9721906923950057,"val_output_success_accuracy":0.9713394045829773,"_timestamp":1.7646366079754984e+09,"output_steps_loss":0.938656210899353,"output_success_accuracy":0.959987998008728,"_step":44,"output_success_loss":0.01946519874036312,"test_large_error_rate":0.17998133792707435,"_runtime":94,"test_mae":0.8925716280937195}