{"graph": {"_type": "graph-file", "sha256": "d510aec9bb01e7bd0d6a12c8ceeb4e6452ed281673ece94ee35d126e3f3edf06", "size": 2793, "path": "media/graph/graph_summary_d510aec9bb01e7bd0d6a.graph.json"}, "epoch": 5, "_timestamp": 1764408378.8427293, "loss": 1.2908523082733154, "output_steps_loss": 1.2353579998016357, "output_success_loss": 0.11098674684762955, "output_success_accuracy": 0.9676840901374817, "val_loss": 1.371475338935852, "val_output_steps_loss": 1.3161035776138306, "val_output_success_loss": 0.1107434332370758, "val_output_success_accuracy": 0.9677934646606445, "_runtime": 1565.1490874290466, "_step": 9, "best_val_loss": 1.3214452266693115, "best_epoch": 1, "loss_curve": {"_type": "image-file", "sha256": "b9e1a08230b098e51410771c9aadf508f2b8d4c02f4327985cb065edca19d9c7", "size": 201836, "path": "media/images/loss_curve_6_b9e1a08230b098e51410.png", "format": "png", "width": 3568, "height": 1767}, "val_mae": 0.9177996516227722, "val_rmse": 1.1249096622224009, "val_accuracy": 0.9670936284169572, "val_auc": 0.8642741603903403, "val_large_error_rate": 0.06944823404577838, "val_precision": 0.38705497402117184, "val_recall": 0.18115531341591345, "val_f1": 0.1581070385028857, "test_mae": 0.9181146621704102, "test_rmse": 1.1244995805596247, "test_accuracy": 0.9671316074690327, "test_auc": 0.8663569502810226, "test_large_error_rate": 0.06917520798542776, "test_precision": 0.38604195929515883, "test_recall": 0.18045971404013977, "test_f1": 0.15683164713071054, "prediction_trends": {"_type": "image-file", "sha256": "7ef077662367c13c376a83b1631fc08c2fb81d91f22ba2eaaaeda262ba2dc436", "size": 304271, "path": "media/images/prediction_trends_8_7ef077662367c13c376a.png", "format": "png", "width": 3569, "height": 1765}, "confusion_matrix": {"_type": "image-file", "sha256": "73131caefbcf353a9112fd2ea89e93b62f4c0a68bb19f843fd0f63e64a9e8a40", "size": 149464, "path": "media/images/confusion_matrix_9_73131caefbcf353a9112.png", "format": "png", "width": 2606, "height": 2367}, "_wandb": {"runtime": 1563}}