{"output_success_accuracy":0.9610546231269836,"val_auc":0.8353390006637038,"val_loss":0.7096996903419495,"test_mae":0.8165823817253113,"output_steps_loss":0.9108188152313232,"val_accuracy":0.9727145442748353,"epoch":29,"val_mae":0.848638653755188,"output_success_loss":0.017751002684235573,"test_rmse":1.0236714219525598,"_timestamp":1.7650910847298317e+09,"val_rmse":1.0533241219560436,"val_output_success_accuracy":0.9724754691123962,"val_output_steps_loss":0.8499621152877808,"_runtime":185,"val_output_success_loss":0.015630289912223816,"_step":30,"loss":0.7608289122581482,"test_auc":0.861312712277678,"_wandb":{"runtime":185},"test_accuracy":0.9730337078651685}