{"output_steps_loss":1.3985545635223389,"_step":19,"epoch":14,"_runtime":44,"val_large_error_rate":0.14372871736662884,"val_output_success_loss":0.015464888885617256,"output_success_accuracy":0.9596447944641113,"val_rmse":1.0149118707478135,"val_output_steps_loss":1.0410553216934204,"output_success_loss":0.020700601860880852,"_timestamp":1.7646015970851645e+09,"test_large_error_rate":0.1650875681883434,"val_loss":0.5493804812431335,"test_rmse":1.077375510828517,"loss":0.7325855493545532,"test_roc_curve":{"sha256":"6c66be22ac277c70bb619f67607490c0ea37aa6a0216e383ef83851521ccea93","size":128695,"path":"media/images/test_roc_curve_18_6c66be22ac277c70bb61.png","format":"png","width":2107,"height":1638,"_type":"image-file"},"loss_curve":{"path":"media/images/loss_curve_14_a66e1d3c0aa33412852d.png","format":"png","width":3570,"height":1765,"_type":"image-file","sha256":"a66e1d3c0aa33412852d5b74e2a2275f4699494bd83a6cbd373180fb34ea1383","size":175502},"val_auc":0.8761623534616234,"test_auc":0.7869708416933067,"test_mae":0.8690186738967896,"val_accuracy":0.9719069239500567,"_wandb":{"runtime":44},"val_mae":0.8165106773376465,"validation_roc_curve":{"sha256":"a04346736716de0876c5672de7771901cf1d5d869185331d3ed47a78a6061b39","size":111142,"path":"media/images/validation_roc_curve_16_a04346736716de0876c5.png","format":"png","width":2107,"height":1638,"_type":"image-file"},"test_accuracy":0.9752368647717485,"val_output_success_accuracy":0.9724744558334351}