{"graph": {"_type": "graph-file", "sha256": "8ee03e65f607c667f62d8cf9ac06399a1e392e8ffbe2e03d9f7dd8ffce6b84aa", "size": 2795, "path": "media/graph/graph_summary_8ee03e65f607c667f62d.graph.json"}, "epoch": 4, "_timestamp": 1764258796.130417, "loss": 1.2910784482955933, "output_steps_loss": 1.2358850240707397, "output_success_loss": 0.11038589477539062, "output_success_accuracy": 0.9676260352134705, "val_loss": 1.544696569442749, "val_output_steps_loss": 1.4901498556137085, "val_output_success_loss": 0.1090952679514885, "val_output_success_accuracy": 0.9678995609283447, "_runtime": 1389.8114361763, "_step": 7, "best_val_loss": 1.457442283630371, "best_epoch": 0, "loss_curve": {"_type": "image-file", "sha256": "7da900aac8cf81047c707218c6a7e077144ab3835a8899af36cbdf1b7f205d27", "size": 218656, "path": "media/images/loss_curve_5_7da900aac8cf81047c70.png", "format": "png", "width": 3568, "height": 1767}, "val_mae": 0.9647518992424011, "val_rmse": 1.1830788175231541, "val_accuracy": 0.9663887625688444, "val_auc": 0.8538376518139182, "val_large_error_rate": 0.21311959981809914, "test_mae": 0.9650562405586243, "test_rmse": 1.1826893589920588, "test_accuracy": 0.9665265359847002, "test_auc": 0.8552892715622719, "test_large_error_rate": 0.21340075438139966, "prediction_trends": {"_type": "image-file", "sha256": "6859a613984231718730107bcc0510afb72509eac0b9fa0a8a91d10b11be1064", "size": 305298, "path": "media/images/prediction_trends_7_6859a613984231718730.png", "format": "png", "width": 3569, "height": 1765}, "_wandb": {"runtime": 1388}}