{"val_auc":0.8200889777225826,"validation_roc_curve":{"_type":"image-file","sha256":"9a156d5118988c6a13e7521ece48820531d5a6c72f96386d373d3f99ceebebe3","size":139071,"path":"media/images/validation_roc_curve_10_9a156d5118988c6a13e7.png","format":"png","width":2107,"height":1638},"val_output_success_loss":0.08673965930938721,"test_rmse":1.321990577568952,"epoch":9,"_step":13,"val_mae":1.0440136194229126,"_wandb":{"runtime":400},"output_steps_loss":0.9505677819252014,"val_large_error_rate":0.26206486164831894,"_timestamp":1.7646450893329077e+09,"val_loss":0.29963040351867676,"output_success_accuracy":0.9629496932029724,"test_large_error_rate":0.2735902575545554,"val_output_steps_loss":1.0766386985778809,"test_roc_curve":{"width":2107,"height":1638,"_type":"image-file","sha256":"47948617e862f0b3ce8a0c634c6ecf612a4c1d14b6ac9546a4e990de54d0b88d","size":142038,"path":"media/images/test_roc_curve_12_47948617e862f0b3ce8a.png","format":"png"},"test_mae":1.065063238143921,"output_success_loss":0.13077260553836823,"test_accuracy":0.9752467758405506,"val_rmse":1.3004816300188478,"val_accuracy":0.9782802737280571,"_runtime":400,"val_output_success_accuracy":0.9781017303466797,"loss":0.32087114453315735,"test_auc":0.812858261624417}