{"output_steps_loss":1.2038575410842896,"output_success_loss":0.11585269868373871,"val_loss":1.127050518989563,"_runtime":67,"val_auc":0.8096591197393925,"val_mae":0.8037044405937195,"test_auc":0.8370380122780801,"_timestamp":1.7645780825068457e+09,"loss_curve":{"size":189148,"path":"media/images/loss_curve_14_f4f3edeb73728db445fe.png","format":"png","width":3570,"height":1765,"_type":"image-file","sha256":"f4f3edeb73728db445fe54b27cb633a2a0fa8029fdd346898c843704c4ed7721"},"val_accuracy":0.9762135922330097,"val_large_error_rate":0.14101941747572816,"loss":1.2615535259246826,"output_success_accuracy":0.9678615927696228,"test_roc_curve":{"size":139042,"path":"media/images/test_roc_curve_18_55c23355a88c2ef7e519.png","format":"png","width":2107,"height":1638,"_type":"image-file","sha256":"55c23355a88c2ef7e519c3c73625b2074ca2a7f996cf9d0140ceb63d141811cd"},"_wandb":{"runtime":67},"test_accuracy":0.9743631436314363,"val_rmse":1.0048521461663962,"val_output_success_loss":0.07657741010189056,"epoch":14,"val_output_steps_loss":1.0806539058685303,"test_large_error_rate":0.14655826558265583,"val_output_success_accuracy":0.9762135744094849,"_step":19,"validation_roc_curve":{"format":"png","width":2107,"height":1638,"_type":"image-file","sha256":"48fcfd724aa0f07ef95e3fcdd81c55d49ce564f3d082c67943ddceb8f2b1f973","size":122643,"path":"media/images/validation_roc_curve_16_48fcfd724aa0f07ef95e.png"},"test_rmse":1.0313756461617094,"test_mae":0.8330458402633667}