{"val_large_error_rate":0.15224177071509648,"test_large_error_rate":0.17549526270456503,"_timestamp":1.7646077958836384e+09,"test_accuracy":0.9754163077806489,"test_auc":0.838431983684319,"epoch":19,"val_mae":0.8348188400268555,"loss_curve":{"_type":"image-file","sha256":"2645a2916316eef0daa050d6af020837cff6daedcb04dc02cee5f70f75aab9d6","size":227952,"path":"media/images/loss_curve_19_2645a2916316eef0daa0.png","format":"png","width":3570,"height":1765},"loss":0.31980642676353455,"val_rmse":1.042069865712585,"validation_roc_curve":{"_type":"image-file","sha256":"48d66d5d3b8cb3dccd3a1f28aace34e12094bdbebe391f2fb03a474f718166d1","size":124741,"path":"media/images/validation_roc_curve_21_48d66d5d3b8cb3dccd3a.png","format":"png","width":2107,"height":1638},"test_rmse":1.1076240153229202,"output_steps_loss":0.9535521268844604,"output_success_loss":0.12908530235290527,"val_auc":0.8651905920519058,"val_accuracy":0.9720488081725313,"val_loss":0.2742466926574707,"_wandb":{"runtime":407},"val_output_steps_loss":0.8698120713233948,"val_output_success_accuracy":0.9719069004058838,"test_mae":0.8850913047790527,"_step":24,"_runtime":407,"test_roc_curve":{"_type":"image-file","sha256":"1b9182b472c4084ae4a2208697d04a838055789b1a09f7a1dd3ff005d7c32928","size":140911,"path":"media/images/test_roc_curve_23_1b9182b472c4084ae4a2.png","format":"png","width":2107,"height":1638},"val_output_success_loss":0.09980582445859909,"output_success_accuracy":0.9629696011543274}