{"test_mae":0.8249045610427856,"val_large_error_rate":0.15814636478502886,"output_success_loss":0.0181299839168787,"test_roc_curve":{"sha256":"5791327a83b9e8f8028d6eec0f029de04ae73cf8f6b3bc45e375a3dd4f2caf62","size":111500,"path":"media/images/test_roc_curve_30_5791327a83b9e8f8028d.png","format":"png","width":2107,"height":1638,"_type":"image-file"},"validation_scatter":{"_type":"image-file","sha256":"0e55ca8ef63c83e41f79db258131145dc851f0846f7e90ef52172a6a9e717795","size":394195,"path":"media/images/validation_scatter_28_0e55ca8ef63c83e41f79.png","format":"png","width":2766,"height":2364},"test_accuracy":0.9731942215088283,"val_mae":0.8556182980537415,"val_accuracy":0.9724754977290578,"val_output_success_accuracy":0.9727145433425903,"_wandb":{"runtime":138},"test_rmse":1.03660355641592,"val_loss":0.7101544141769409,"val_auc":0.8292823992481853,"val_output_steps_loss":0.856105625629425,"epoch":27,"validation_roc_curve":{"width":2107,"height":1638,"_type":"image-file","sha256":"e78b23c0970546c5d74cfb1062cba44e820a4cceecc40134ce290c325dc9f54c","size":128087,"path":"media/images/validation_roc_curve_28_e78b23c0970546c5d74c.png","format":"png"},"test_scatter":{"format":"png","width":2766,"height":2364,"_type":"image-file","sha256":"c458743ea1128a4dafeb126753aab2c77ca603ea49f969f31cf69041808a486d","size":402199,"path":"media/images/test_scatter_30_c458743ea1128a4dafeb.png"},"test_large_error_rate":0.1463884430176565,"val_rmse":1.0643874961849713,"_step":31,"output_success_accuracy":0.9613192081451416,"output_steps_loss":0.9161755442619324,"_timestamp":1.7650142756035602e+09,"test_auc":0.8531379639093353,"val_output_success_loss":0.016006505116820335,"_runtime":138,"loss":0.7607008218765259}