{"_timestamp":1.7651108801818483e+09,"output_success_accuracy":0.9612457156181335,"val_auc":0.8344543451708633,"val_smart_miss_rate":0.6877323420074349,"output_steps_loss":0.9118316769599915,"val_mae":0.8500006198883057,"loss":0.760978639125824,"val_output_steps_loss":0.8513913154602051,"optimal_threshold":0.6200000000000001,"test_mae":0.8177794218063354,"val_output_success_accuracy":0.9724413752555847,"_runtime":214,"_step":29,"val_loss":0.7101267576217651,"val_output_success_loss":0.01563028246164322,"test_smart_acc":0.9576243980738363,"output_success_loss":0.017769016325473785,"test_auc":0.8606260754050394,"test_smart_miss_rate":0.7109826589595376,"val_smart_acc":0.951200355154868,"_wandb":{"runtime":214}}