{"val_mae": 0.9049367308616638, "val_rmse": 1.110916731971596, "val_accuracy": 0.9663736041635087, "val_auc": 0.8658085165483611, "val_large_error_rate": 0.06472639078368955, "test_mae": 0.9053207039833069, "test_rmse": 1.1106381277189719, "test_accuracy": 0.9665012720396341, "test_auc": 0.867772116196567, "test_large_error_rate": 0.06454180046030908, "_timestamp": 1764410825.3374815, "_runtime": 125.12369656562805, "_step": 1, "prediction_trends": {"_type": "image-file", "sha256": "5274b14dfe90911a60ef6085ef55472050443b1bb247e9bf8f7c74ae76e12416", "size": 412677, "path": "media/images/prediction_trends_1_5274b14dfe90911a60ef.png", "format": "png", "width": 4469, "height": 1765}, "_wandb": {"runtime": 123}}