{"graph": {"_type": "graph-file", "sha256": "8b45c54c7b6a11abdbba29dc42f904d1b26f13c256a9685d2815422157411a51", "size": 3203, "path": "media/graph/graph_summary_8b45c54c7b6a11abdbba.graph.json"}, "epoch": 6, "_timestamp": 1764208195.0025942, "loss": 1.2930257320404053, "output_steps_loss": 1.237343192100525, "output_success_loss": 0.11136463284492493, "output_success_accuracy": 0.9676613807678223, "val_loss": 1.345065951347351, "val_output_steps_loss": 1.2895787954330444, "val_output_success_loss": 0.11097472161054611, "val_output_success_accuracy": 0.9677302837371826, "_runtime": 453.8135311603546, "_step": 9, "best_val_loss": 1.2940621376037598, "best_epoch": 2, "loss_curve": {"_type": "image-file", "sha256": "7fe11df9dc48648a589a80aaa645a363bf477fdb24f6024438d3eea5d18994d3", "size": 170635, "path": "media/images/loss_curve_7_7fe11df9dc48648a589a.png", "format": "png", "width": 3569, "height": 1767}, "val_mae": 0.9073243737220764, "val_rmse": 1.1128243562858944, "val_accuracy": 0.9675534333788085, "val_auc": 0.8649181295496446, "val_large_error_rate": 0.18186044161487544, "test_mae": 0.9077494740486145, "test_rmse": 1.1126533209771945, "test_accuracy": 0.9675686737186758, "test_auc": 0.8668493489423267, "test_large_error_rate": 0.18126501625734864, "prediction_trends": {"_type": "image-file", "sha256": "6ecb459ee29c93fec32ec2ec72a4da66b397c81bb30d1a74261be9aad796aa1a", "size": 335684, "path": "media/images/prediction_trends_9_6ecb459ee29c93fec32e.png", "format": "png", "width": 3569, "height": 1765}, "_wandb": {"runtime": 452}}