{"test_mae":0.8775884509086609,"output_success_accuracy":0.9580217003822327,"val_output_steps_loss":1.0383633375167847,"val_output_success_loss":0.014753132127225399,"val_loss":0.5472771525382996,"loss_curve":{"width":3570,"height":1765,"_type":"image-file","sha256":"c5598551ffb8ce5ebe5820a3d2742e2de790767c8f359e09e5659083d47f5ce7","size":172587,"path":"media/images/loss_curve_49_c5598551ffb8ce5ebe58.png","format":"png"},"_wandb":{"runtime":103},"val_rmse":1.0196685698538115,"epoch":49,"test_roc_curve":{"_type":"image-file","sha256":"0df52908daf3a4be40576f3d6c71e24cadea2494ac9741a87d22b02c30645224","size":129221,"path":"media/images/test_roc_curve_53_0df52908daf3a4be4057.png","format":"png","width":2107,"height":1638},"test_large_error_rate":0.1725523973585989,"validation_roc_curve":{"_type":"image-file","sha256":"9285ab879ffb02ff3ab5ffc822a6bd836c3ed08466018d924397de95c006c42c","size":111307,"path":"media/images/validation_roc_curve_51_9285ab879ffb02ff3ab5.png","format":"png","width":2107,"height":1638},"_runtime":103,"test_auc":0.78926883433973,"_step":54,"val_accuracy":0.9711975028376845,"test_accuracy":0.9715762273901809,"output_success_loss":0.01882019452750683,"val_mae":0.8188502192497253,"_timestamp":1.7646037112074213e+09,"val_auc":0.8701496719014967,"val_large_error_rate":0.14387060158910328,"test_rmse":1.0895534114971726,"loss":0.6665239930152893,"val_output_success_accuracy":0.9711974859237671,"output_steps_loss":1.2698004245758057}