{"output_success_loss":0.13033413887023926,"val_rmse":1.0104241059543946,"test_mae":0.8527330756187439,"test_accuracy":0.9762379196971207,"val_output_steps_loss":1.0938847064971924,"_timestamp":1.7645896640088634e+09,"test_roc_curve":{"height":1638,"_type":"image-file","sha256":"5a7300e82a317e89b28e6d37761e7bab17f595bf95bd5329fa5f23b959c41837","size":144399,"path":"media/images/test_roc_curve_14_5a7300e82a317e89b28e.png","format":"png","width":2107},"output_steps_loss":1.2910504341125488,"val_loss":1.139267086982727,"val_large_error_rate":0.14395546129374337,"loss_curve":{"size":180887,"path":"media/images/loss_curve_10_a7dfc9c2ba0bcf7a61de.png","format":"png","width":3570,"height":1765,"_type":"image-file","sha256":"a7dfc9c2ba0bcf7a61de50302610cfdf7e7d41a6835ad25b1c619252530dd81a"},"_step":15,"_wandb":{"runtime":80},"val_output_success_loss":0.09718157351016998,"validation_roc_curve":{"path":"media/images/validation_roc_curve_12_ad9773b1337a237aa16a.png","format":"png","width":2107,"height":1638,"_type":"image-file","sha256":"ad9773b1337a237aa16aedbb9e2356420c06ee587deda5a552aa0fbf32b303f4","size":123629},"val_auc":0.7223473504442739,"val_output_success_accuracy":0.9737539887428284,"_runtime":80,"loss":1.355971336364746,"val_mae":0.8113057017326355,"val_accuracy":0.9737539766702015,"test_large_error_rate":0.16020723323702302,"output_success_accuracy":0.9646474719047546,"test_rmse":1.0636812823969148,"epoch":10,"test_auc":0.6183347063882302}