{"test_large_error_rate":0.17973402118634432,"test_auc":0.8645623655446574,"val_auc":0.8625296676637515,"val_mae":0.904775083065033,"test_mae":0.9052380919456482,"prediction_trends":{"_type":"image-file","sha256":"9dbd50a8ef03df9a80264dbe6e3a6734cb6de8d13fb3a9a9f1bafe621674431c","size":322483,"path":"media/images/prediction_trends_2_9dbd50a8ef03df9a8026.png","format":"png","width":3569,"height":1765},"val_accuracy":0.9659011671972109,"loss_curve":{"size":147871,"path":"media/images/loss_curve_0_acc6998aca27f66c4d21.png","format":"png","width":3569,"height":1767,"_type":"image-file","sha256":"acc6998aca27f66c4d21aaa08b077b82e81e65dfeb255b84e7ec0c1c8d6c951d"},"_runtime":1522,"_timestamp":1.7644905882268374e+09,"_wandb":{"runtime":1522},"_step":2,"val_rmse":1.1106003454903386,"test_accuracy":0.9659378860646606,"test_rmse":1.110433100757096,"val_large_error_rate":0.18010459299681675}