{"output_steps_loss":0.9336702823638916,"output_success_accuracy":0.9653201699256897,"validation_roc_curve":{"size":139736,"path":"media/images/validation_roc_curve_9_1cdc51a5a2512254eac5.png","format":"png","width":2107,"height":1638,"_type":"image-file","sha256":"1cdc51a5a2512254eac5d73a625880de3a4d9ebfa16a46ca2eecf9ef91dd7d7b"},"val_output_success_accuracy":0.972680389881134,"loss":0.3093084990978241,"_step":12,"test_auc":0.8559451110404911,"test_rmse":1.1439322508811516,"_wandb":{"runtime":394},"_runtime":394,"test_mae":0.9148982167243958,"val_accuracy":0.9725779462486767,"val_mae":0.9410734176635742,"output_success_loss":0.12251067161560059,"_timestamp":1.7646495548467708e+09,"val_auc":0.8467260762470815,"epoch":8,"val_loss":0.29613518714904785,"val_large_error_rate":0.20605812246013044,"val_output_success_loss":0.09784762561321259,"test_large_error_rate":0.19181380417335472,"test_roc_curve":{"size":130375,"path":"media/images/test_roc_curve_11_8fc2269a8457d407a477.png","format":"png","width":2107,"height":1638,"_type":"image-file","sha256":"8fc2269a8457d407a4777c6a0e0f70be897607666ad23922c27966b6f4c75a0a"},"val_rmse":1.165995944318703,"val_output_steps_loss":0.993704080581665,"test_accuracy":0.9723916532905297}