{"_wandb":{"runtime":32},"loss":1.3714847564697266,"val_loss":1.1193972826004028,"val_large_error_rate":0.14358683314415438,"validation_roc_curve":{"format":"png","width":2107,"height":1638,"_type":"image-file","sha256":"d3dcf8e7b83fbc025c38ec6d7fdb904a4d31aa2f17bd6816cc49df4c1837abd1","size":124462,"path":"media/images/validation_roc_curve_15_d3dcf8e7b83fbc025c38.png"},"test_roc_curve":{"size":142599,"path":"media/images/test_roc_curve_17_63de1508d0cec9e3a295.png","format":"png","width":2107,"height":1638,"_type":"image-file","sha256":"63de1508d0cec9e3a295024aa9f618b96a764996ddf996943246bd1185c54f7e"},"val_output_success_accuracy":0.9719069004058838,"test_accuracy":0.9752368647717485,"test_auc":0.7550831837338121,"_timestamp":1.764597294622013e+09,"test_rmse":1.0853701968993446,"output_success_accuracy":0.9618327021598816,"val_mae":0.8167554140090942,"_runtime":32,"_step":18,"val_rmse":1.0186164815267758,"output_success_loss":0.13395611941814423,"val_accuracy":0.9719069239500567,"test_mae":0.8725246787071228,"loss_curve":{"width":3569,"height":1765,"_type":"image-file","sha256":"05aab6a9252ec6e07341a2ef93c1215a3d4bd3fc9d741e98a5d15105176b357b","size":169258,"path":"media/images/loss_curve_13_05aab6a9252ec6e07341.png","format":"png"},"val_auc":0.8639983779399838,"epoch":13,"output_steps_loss":1.3041903972625732,"val_output_success_loss":0.09823143482208252,"test_large_error_rate":0.16727677289692794,"val_output_steps_loss":1.068383812904358}