{"_runtime":187,"val_mae":0.8132245540618896,"test_rmse":1.0673112208307407,"test_roc_curve":{"size":145457,"path":"media/images/test_roc_curve_13_d9eb5772629871e8248d.png","format":"png","width":2107,"height":1638,"_type":"image-file","sha256":"d9eb5772629871e8248da28eaecac20a3ab648b2a954c85323b662d7d267b47c"},"loss":1.3676694631576538,"val_output_success_accuracy":0.9737539887428284,"test_auc":0.5967749096067736,"_wandb":{"runtime":187},"output_success_accuracy":0.9646474719047546,"_timestamp":1.764587307840819e+09,"output_steps_loss":1.2988039255142212,"val_auc":0.6679234490288124,"test_mae":0.8571797013282776,"output_success_loss":0.13750793039798737,"epoch":9,"val_accuracy":0.9737539766702015,"val_output_steps_loss":1.0400809049606323,"loss_curve":{"_type":"image-file","sha256":"852b5bb15f7e0d581caadc9ef697ec0459023e01a89a3652a6b8be7390c73bf8","size":168356,"path":"media/images/loss_curve_9_852b5bb15f7e0d581caa.png","format":"png","width":3570,"height":1765},"val_rmse":1.0112671304390572,"val_large_error_rate":0.14103923647932132,"test_large_error_rate":0.16010760187306963,"test_accuracy":0.9762379196971207,"validation_roc_curve":{"height":1638,"_type":"image-file","sha256":"7e29865d1fc0b5a04c2e11fee91908726a5118b2399af0808294298c14c4f794","size":125176,"path":"media/images/validation_roc_curve_11_7e29865d1fc0b5a04c2e.png","format":"png","width":2107},"_step":14,"val_loss":1.0882989168167114,"val_output_success_loss":0.10129989683628082}