{"loss":1.3502857685089111,"epoch":19,"_step":24,"test_auc":0.7837136254497319,"val_output_steps_loss":1.0396521091461182,"_timestamp":1.7646033514595973e+09,"loss_curve":{"size":169808,"path":"media/images/loss_curve_19_63961e5bdd36c759ef90.png","format":"png","width":3569,"height":1765,"_type":"image-file","sha256":"63961e5bdd36c759ef901adc939ab3a2a452636bedae6ae127e42b9a86105c9c"},"val_mae":0.8167439103126526,"val_large_error_rate":0.1441543700340522,"test_accuracy":0.9748779787539478,"test_roc_curve":{"size":129476,"path":"media/images/test_roc_curve_23_d6526f8ef70f0a9e98d1.png","format":"png","width":2107,"height":1638,"_type":"image-file","sha256":"d6526f8ef70f0a9e98d12ffd1e2bbe1889b22569037c58c8c744bfeab20d004a"},"val_output_success_loss":0.015430771745741367,"_runtime":47,"_wandb":{"runtime":47},"validation_roc_curve":{"sha256":"e740010102037e5f474308acecc35973d70e10ca498752694c3339746ed8cddd","size":111286,"path":"media/images/validation_roc_curve_21_e740010102037e5f4743.png","format":"png","width":2107,"height":1638,"_type":"image-file"},"test_rmse":1.0905415478451974,"val_output_success_accuracy":0.9723325967788696,"test_large_error_rate":0.17090152167671546,"output_success_loss":0.019733872264623642,"val_accuracy":0.9723325766174802,"val_rmse":1.0190680609969243,"output_steps_loss":1.2992538213729858,"test_mae":0.8759394884109497,"val_auc":0.8718476738184767,"val_loss":1.0891814231872559,"output_success_accuracy":0.9603598117828369}