{"validation_roc_curve":{"format":"png","width":2107,"height":1638,"_type":"image-file","sha256":"5ed0beaafbf9c6de7ac3a9b03461cc6bd2cc1e2e9f0551e3f42e9c3816c1be7b","size":123766,"path":"media/images/validation_roc_curve_10_5ed0beaafbf9c6de7ac3.png"},"val_accuracy":0.9719069239500567,"test_roc_curve":{"format":"png","width":2107,"height":1638,"_type":"image-file","sha256":"61885dfe1c6876f53eb4082c26adf1c6d807f38f2b95e92c12d9e077ee39c046","size":134044,"path":"media/images/test_roc_curve_12_61885dfe1c6876f53eb4.png"},"val_large_error_rate":0.14869466515323496,"_timestamp":1.7646025834279013e+09,"test_auc":0.6291339334380797,"_step":13,"val_output_steps_loss":1.1621047258377075,"output_success_accuracy":0.9614966511726379,"loss":0.785166323184967,"output_success_loss":0.022181067615747452,"val_auc":0.6727836761778367,"loss_curve":{"sha256":"9158cd07e6ab3f5a7ceb42a5d440c2ee3b4232aeee424691156d63eb804c0680","size":177129,"path":"media/images/loss_curve_8_9158cd07e6ab3f5a7ceb.png","format":"png","width":3570,"height":1765,"_type":"image-file"},"val_mae":0.8351390361785889,"output_steps_loss":1.4984776973724365,"val_loss":0.6126952767372131,"test_accuracy":0.9752368647717485,"val_rmse":1.0370859262003096,"_runtime":30,"val_output_success_loss":0.016982847824692726,"test_large_error_rate":0.17592592592592593,"epoch":8,"val_output_success_accuracy":0.9719069004058838,"test_rmse":1.1087600723032733,"test_mae":0.8928181529045105,"_wandb":{"runtime":30}}