{"graph": {"_type": "graph-file", "sha256": "5539a23328920778143a142f4b9188e5bf3cf822ae68de9ac810b8dd35d8c2e5", "size": 3204, "path": "media/graph/graph_summary_5539a23328920778143a.graph.json"}, "epoch": 9, "_timestamp": 1764413233.7050078, "loss": 1.5328938961029053, "output_steps_loss": 1.4776183366775513, "output_success_loss": 0.11054959893226624, "output_steps_accuracy": 0.3435681462287903, "output_success_accuracy": 0.9677519798278809, "val_loss": 1.5292426347732544, "val_output_steps_loss": 1.4740203619003296, "val_output_success_loss": 0.11044461280107498, "val_output_steps_accuracy": 0.34534385800361633, "val_output_success_accuracy": 0.9678237438201904, "_runtime": 867.5307288169861, "_step": 10, "best_val_loss": 1.5276485681533813, "best_epoch": 6, "loss_curve": {"_type": "image-file", "sha256": "513d973c81b3d8b215c7c731c6316da793ad0db31897cedded1af0374a63276d", "size": 187735, "path": "media/images/loss_curve_10_513d973c81b3d8b215c7.png", "format": "png", "width": 3568, "height": 1767}, "_wandb": {"runtime": 873}}