{"output_success_accuracy":0.9609032273292542,"loss_curve":{"format":"png","width":3564,"height":1765,"_type":"image-file","sha256":"03d3de00d30e72b5c04e396cf95a1edaa4ac493e321bfed40981bda061f1002e","size":178578,"path":"media/images/loss_curve_17_03d3de00d30e72b5c04e.png"},"epoch":17,"val_auc":0.8513448352134484,"val_loss":0.6338887810707092,"test_accuracy":0.9752368647717485,"test_auc":0.7447307635282234,"test_rmse":1.1257456321826418,"test_roc_curve":{"size":130441,"path":"media/images/test_roc_curve_21_dd2bdb1b1c520249a092.png","format":"png","width":2107,"height":1638,"_type":"image-file","sha256":"dd2bdb1b1c520249a092f4994f6a00f8749ff8eef5b2309d156512f86647d47a"},"loss":0.7993397116661072,"_wandb":{"runtime":40},"_step":22,"val_mae":0.85349041223526,"output_success_loss":0.021818144246935844,"validation_roc_curve":{"size":117130,"path":"media/images/validation_roc_curve_19_9b662f475ce9851bb78d.png","format":"png","width":2107,"height":1638,"_type":"image-file","sha256":"9b662f475ce9851bb78d62f9e79027e3925b5fb1c314e8529171228c712df728"},"_runtime":40,"val_output_success_accuracy":0.9719069004058838,"val_accuracy":0.9719069239500567,"val_rmse":1.0576346581760503,"output_steps_loss":1.4878476858139038,"val_large_error_rate":0.15749148694665152,"_timestamp":1.7646049223249311e+09,"val_output_steps_loss":1.167497992515564,"val_output_success_loss":0.016764869913458824,"test_mae":0.9088117480278015,"test_large_error_rate":0.1832113120872811}