{"loss_curve":{"width":3570,"height":1765,"_type":"image-file","sha256":"d87507722850c5d6fbe46620af371bcfd098ce4ea3ff60498d82cca51fed6e8d","size":228043,"path":"media/images/loss_curve_5_d87507722850c5d6fbe4.png","format":"png"},"test_mae":0.9784090518951416,"test_rmse":1.2132295635584438,"val_mae":0.935788631439209,"test_auc":0.7450871357211658,"test_large_error_rate":0.21335773758254378,"_timestamp":1.7646356078992553e+09,"val_loss":2.119408130645752,"val_large_error_rate":0.18430760499432464,"val_output_success_loss":0.018223827704787254,"_runtime":48,"val_accuracy":0.9719069239500567,"_wandb":{"runtime":48},"loss":1.1532131433486938,"output_steps_loss":1.0675147771835327,"val_rmse":1.1591654441620454,"validation_roc_curve":{"height":1638,"_type":"image-file","sha256":"c60b6923633d6d23bfc35e6e9276b07658fc8af68cb39d12fd406d8651b134f4","size":119078,"path":"media/images/validation_roc_curve_7_c60b6923633d6d23bfc3.png","format":"png","width":2107},"test_accuracy":0.9752368647717485,"output_success_loss":0.02314426749944687,"test_roc_curve":{"height":1638,"_type":"image-file","sha256":"5aa414835d4a6393a312931e00692dbd0b86f44ffee2b13078d3ab6c7979dbd5","size":130449,"path":"media/images/test_roc_curve_9_5aa414835d4a6393a312.png","format":"png","width":2107},"val_output_steps_loss":2.0405163764953613,"epoch":5,"val_auc":0.8286094521860944,"val_output_success_accuracy":0.9719069004058838,"_step":10,"output_success_accuracy":0.9618541598320007}