{"loss_curve":{"format":"png","width":3570,"height":1765,"_type":"image-file","sha256":"2931878b866a27b8894e11d92a2e1ab7a134e426c2f498a247374286b6a9e94d","size":188367,"path":"media/images/loss_curve_14_2931878b866a27b8894e.png"},"validation_roc_curve":{"sha256":"884d19fadae7b8a32cfc6ab5c68f3574f135794c250e0a9d4681f36c1f89702f","size":122501,"path":"media/images/validation_roc_curve_16_884d19fadae7b8a32cfc.png","format":"png","width":2107,"height":1638,"_type":"image-file"},"test_large_error_rate":0.15262872628726287,"val_large_error_rate":0.14635922330097087,"output_steps_loss":1.2020400762557983,"val_accuracy":0.9762135922330097,"test_rmse":1.046169726666038,"loss":1.2586755752563477,"_wandb":{"runtime":69},"val_rmse":1.0180221438219748,"_runtime":69,"val_loss":1.1290382146835327,"output_success_accuracy":0.9678533673286438,"val_auc":0.845566222510884,"_timestamp":1.7645783347489233e+09,"output_success_loss":0.11342565715312958,"test_accuracy":0.9743631436314363,"val_output_success_accuracy":0.9762135744094849,"_step":19,"test_auc":0.8615851756078738,"test_roc_curve":{"sha256":"37ff2973c421c5ee6bea2fa0e9776deb8e22ab35893e691463fa2f798992fd2e","size":137956,"path":"media/images/test_roc_curve_18_37ff2973c421c5ee6bea.png","format":"png","width":2107,"height":1638,"_type":"image-file"},"test_mae":0.8432855010032654,"val_output_success_loss":0.07508434355258942,"val_mae":0.8109616637229919,"val_output_steps_loss":1.0772008895874023,"epoch":14}