{"test_roc_curve":{"size":142567,"path":"media/images/test_roc_curve_17_63e27f17f4e8015a770c.png","format":"png","width":2107,"height":1638,"_type":"image-file","sha256":"63e27f17f4e8015a770ced02c29ccd113242b4e60f5da0897ec710b19832c130"},"test_auc":0.7581954320066715,"val_large_error_rate":0.13980582524271845,"validation_roc_curve":{"height":1638,"_type":"image-file","sha256":"4f512c2b52fd29456a6a8d39500f464593a40ebd569f62aaa483cfe375bb999e","size":126241,"path":"media/images/validation_roc_curve_15_4f512c2b52fd29456a6a.png","format":"png","width":2107},"val_output_success_loss":0.08259826898574829,"epoch":13,"val_auc":0.7575883660276642,"output_success_loss":0.1245339885354042,"val_accuracy":0.9762135922330097,"val_output_steps_loss":1.025801658630371,"val_rmse":1.0039909712966804,"test_large_error_rate":0.14579945799457994,"output_success_accuracy":0.9678533673286438,"loss_curve":{"height":1765,"_type":"image-file","sha256":"1d9e21493baaaa60dce2ac220b0ea7d311efdc98eccca662aecddc8f47f76006","size":175327,"path":"media/images/loss_curve_13_1d9e21493baaaa60dce2.png","format":"png","width":3570},"_runtime":64,"loss":1.295503854751587,"_timestamp":1.7645789703079586e+09,"test_rmse":1.029181341820824,"output_steps_loss":1.233040690422058,"test_mae":0.8332343697547913,"val_mae":0.8049681186676025,"_step":18,"_wandb":{"runtime":64},"val_output_success_accuracy":0.9762135744094849,"test_accuracy":0.9743631436314363,"val_loss":1.0658249855041504}