{"graph": {"_type": "graph-file", "sha256": "f5fe3ebae3e5be29548cb11887da85467adcbc653e085470d6a81b3ea62cb7b9", "size": 3006, "path": "media/graph/graph_summary_f5fe3ebae3e5be29548c.graph.json"}, "epoch": 9, "_timestamp": 1764162925.3170004, "loss": 1.3388164043426514, "output_steps_loss": 1.2798504829406738, "output_success_loss": 0.11792951822280884, "output_success_accuracy": 0.9648077487945557, "val_loss": 1.489687204360962, "val_output_steps_loss": 1.4311808347702026, "val_output_success_loss": 0.11701294779777527, "val_output_success_accuracy": 0.9652795791625977, "_runtime": 372.6382083892822, "_step": 12, "best_val_loss": 1.3631062507629395, "best_epoch": 0, "loss_curve": {"_type": "image-file", "sha256": "973a00f971d0222947e6f1e427d768cf245021a4e522a093370a2716d360d2bb", "size": 220615, "path": "media/images/loss_curve_10_973a00f971d0222947e6.png", "format": "png", "width": 3568, "height": 1767}, "val_mae": 0.9779728055000305, "val_rmse": 1.1963198038939178, "val_accuracy": 0.9652796003511408, "val_auc": 0.8675384133305795, "val_large_error_rate": 0.21916658370815498, "test_mae": 0.9774950742721558, "test_rmse": 1.196238140657289, "test_accuracy": 0.9646427852276866, "test_auc": 0.8682437979102078, "test_large_error_rate": 0.2190439128575598, "prediction_trends": {"_type": "image-file", "sha256": "23d8774bd3c128cfb52f00b75d0d6ab4c8f0c3942f503760c3c6527bf4a51b21", "size": 316197, "path": "media/images/prediction_trends_12_23d8774bd3c128cfb52f.png", "format": "png", "width": 3569, "height": 1765}, "_wandb": {"runtime": 370}}