{"test_auc":0.8068837913052012,"val_output_success_loss":0.09561239182949066,"output_success_loss":0.13494686782360077,"val_output_steps_loss":1.0476223230361938,"val_auc":0.8733149008331491,"_timestamp":1.7645981563840475e+09,"_step":19,"val_rmse":1.017154773941617,"val_output_success_accuracy":0.9719069004058838,"val_large_error_rate":0.14486379114642453,"val_loss":0.620491087436676,"test_mae":0.8676359057426453,"val_mae":0.816982626914978,"_runtime":63,"output_steps_loss":1.400450348854065,"output_success_accuracy":0.9618327021598816,"test_rmse":1.0783844234876827,"_wandb":{"runtime":63},"loss_curve":{"sha256":"9d971de2c276a41cd46540b27d043e1d9cc77b4b8bafee218f23d6c6ddec59fb","size":180416,"path":"media/images/loss_curve_14_9d971de2c276a41cd465.png","format":"png","width":3570,"height":1765,"_type":"image-file"},"loss":0.8350908756256104,"validation_roc_curve":{"path":"media/images/validation_roc_curve_16_4be1031efabde354cf16.png","format":"png","width":2107,"height":1638,"_type":"image-file","sha256":"4be1031efabde354cf168b69b5731e1f5363920c953c5fe17b0767d8bdd92318","size":111047},"test_roc_curve":{"format":"png","width":2107,"height":1638,"_type":"image-file","sha256":"616e012271eb96264b67637f3898082c0e7ef50fcaab261ad42b28a150308726","size":128609,"path":"media/images/test_roc_curve_18_616e012271eb96264b67.png"},"test_large_error_rate":0.16569767441860464,"epoch":14,"val_accuracy":0.9719069239500567,"test_accuracy":0.9752368647717485}