{"_timestamp":1.7651111314350257e+09,"val_output_success_loss":0.015630289912223816,"loss":0.7608289122581482,"output_steps_loss":0.9108188152313232,"output_success_loss":0.017751002684235573,"_step":29,"val_output_steps_loss":0.8499621152877808,"_wandb":{"runtime":140},"_runtime":140.8200296,"output_success_accuracy":0.9610546231269836,"val_loss":0.7096996903419495,"val_output_success_accuracy":0.9724754691123962}