{"_wandb":{"runtime":165},"val_output_success_loss":0.01578620821237564,"_timestamp":1.7646456157573776e+09,"val_auc":0.830076563528878,"test_auc":0.8548032611195568,"test_accuracy":0.9727126805778491,"_step":43,"validation_roc_curve":{"path":"media/images/validation_roc_curve_40_d410251f990c2608d1de.png","format":"png","width":2107,"height":1638,"_type":"image-file","sha256":"d410251f990c2608d1ded8614f6aa60465a454d5266559639fbf74c174649f57","size":127624},"output_success_accuracy":0.9614456295967102,"val_accuracy":0.9722706006898201,"epoch":39,"val_loss":0.7039571404457092,"test_rmse":1.0232300875786247,"test_roc_curve":{"format":"png","width":2107,"height":1638,"_type":"image-file","sha256":"6cbc6cd7719c6cd9d87911f1cd2d44b4eb7430ae7c9a59f59561e8e43779d98f","size":111247,"path":"media/images/test_roc_curve_42_6cbc6cd7719c6cd9d879.png"},"_runtime":165,"output_steps_loss":0.9043212532997131,"loss":0.7523016929626465,"val_mae":0.846668004989624,"output_success_loss":0.01802368089556694,"val_large_error_rate":0.15479971314414506,"test_large_error_rate":0.14173354735152488,"val_output_steps_loss":0.8468557000160217,"test_mae":0.8148603439331055,"val_output_success_accuracy":0.9722706079483032,"val_rmse":1.0530538834916594}