{"val_rmse":1.027454790851774,"_timestamp":1.76463697994663e+09,"val_output_success_accuracy":0.9717650413513184,"test_roc_curve":{"path":"media/images/test_roc_curve_43_e24d61da5ce7c595ba95.png","format":"png","width":2107,"height":1638,"_type":"image-file","sha256":"e24d61da5ce7c595ba9538b655b94340dade4dcc06c16ef0eef19067e36f3542","size":130135},"validation_roc_curve":{"height":1638,"_type":"image-file","sha256":"0827b10ca4b1f25fe790a9a3b9aafe2aedb440b53aeb6cd7614f4d508a950d5e","size":112146,"path":"media/images/validation_roc_curve_41_0827b10ca4b1f25fe790.png","format":"png","width":2107},"test_rmse":1.1024140117268322,"output_steps_loss":0.9297960996627808,"val_mae":0.8220065236091614,"val_accuracy":0.9724744608399546,"_wandb":{"runtime":93},"output_success_loss":0.01962091401219368,"loss_curve":{"format":"png","width":3570,"height":1765,"_type":"image-file","sha256":"dbfeed660557f99b81c2b3981e453df301eb7f1a3fc18cf985c8768c83645e33","size":194358,"path":"media/images/loss_curve_39_dbfeed660557f99b81c2.png"},"val_output_steps_loss":0.822566032409668,"val_large_error_rate":0.14387060158910328,"val_loss":0.6893656253814697,"test_accuracy":0.9743396497272466,"_step":44,"test_large_error_rate":0.17434682744760263,"output_success_accuracy":0.9595018029212952,"val_output_success_loss":0.015454544685781002,"epoch":39,"val_auc":0.8586367322863673,"_runtime":93,"test_auc":0.7692243918152795,"loss":0.7789506912231445,"test_mae":0.8835282921791077}