{"val_output_success_accuracy":0.9724754691123962,"test_roc_curve":{"width":2107,"height":1638,"_type":"image-file","sha256":"e0ec9985a97dc100c7a3572f6c97fe464b0fddaaf196deabc930f84b042c0ece","size":125898,"path":"media/images/test_roc_curve_9_e0ec9985a97dc100c7a3.png","format":"png"},"val_rmse":1.2421874520163856,"test_accuracy":0.97223113964687,"test_mae":0.9757669568061829,"test_auc":0.8352615470945097,"_wandb":{"runtime":718},"_timestamp":1.7646558650876148e+09,"test_rmse":1.2181137086786327,"val_output_steps_loss":1.180208444595337,"val_auc":0.8194350667785546,"epoch":6,"_step":10,"_runtime":718,"val_accuracy":0.9724413482225182,"val_mae":1.0014756917953491,"output_success_loss":0.1283586025238037,"test_large_error_rate":0.23146067415730337,"loss":0.5048847198486328,"validation_roc_curve":{"size":141435,"path":"media/images/validation_roc_curve_7_a6b3ce0d42e337bfa963.png","format":"png","width":2107,"height":1638,"_type":"image-file","sha256":"a6b3ce0d42e337bfa963a8478d5864842aa0f28ac1d8a72bb515c961ff399e06"},"output_success_accuracy":0.9650555849075317,"output_steps_loss":0.9416545033454895,"val_large_error_rate":0.24655943721613222,"val_loss":0.5745291709899902,"val_output_success_loss":0.10286534577608109}