{"graph": {"_type": "graph-file", "sha256": "3490a53ccb8c209b58e43c96407eedbf1bc03c3248a479d8d93d83cf5b3be97d", "size": 2512, "path": "media/graph/graph_summary_3490a53ccb8c209b58e4.graph.json"}, "epoch": 9, "_timestamp": 1764166160.823487, "loss": 1.285279631614685, "output_steps_loss": 1.2306461334228516, "output_success_loss": 0.10926789045333862, "output_success_accuracy": 0.9678252339363098, "val_loss": 1.6489490270614624, "val_output_steps_loss": 1.594210147857666, "val_output_success_loss": 0.10947762429714203, "val_output_success_accuracy": 0.967869222164154, "_runtime": 1568.6536021232605, "_step": 12, "best_val_loss": 1.6489490270614624, "best_epoch": 9, "loss_curve": {"_type": "image-file", "sha256": "24e317b176b82304b781981227ab7005ac23f10e5eac3290997f3acc70e53eb4", "size": 177862, "path": "media/images/loss_curve_10_24e317b176b82304b781.png", "format": "png", "width": 3569, "height": 1767}, "val_mae": 1.0317578315734863, "val_rmse": 1.2626203498509225, "val_accuracy": 0.9678692334899702, "val_auc": 0.8739785282004089, "val_large_error_rate": 0.2522333383861351, "test_mae": 1.0322383642196655, "test_rmse": 1.2623863697848818, "test_accuracy": 0.9678781570457353, "test_auc": 0.8762148098089947, "test_large_error_rate": 0.25354011030238416, "prediction_trends": {"_type": "image-file", "sha256": "8dd9a34ca6b0e90f0973a2f63a25bfe329f00d01b8519e82f4d9f6dc41c1c9bf", "size": 297915, "path": "media/images/prediction_trends_12_8dd9a34ca6b0e90f0973.png", "format": "png", "width": 3569, "height": 1765}, "_wandb": {"runtime": 1567}}