{"test_rmse":1.181234343490587,"_runtime":96,"loss":1.0267599821090698,"test_roc_curve":{"format":"png","width":2107,"height":1638,"_type":"image-file","sha256":"065979de57ff23f576ed1ee712fc6f37c67ac25adc894a1f3f5ada976ac91f30","size":143790,"path":"media/images/test_roc_curve_7_065979de57ff23f576ed.png"},"epoch":3,"validation_roc_curve":{"width":2107,"height":1638,"_type":"image-file","sha256":"1f042583a2050a2cbbc67b502a740837d134940d379373552b56ecceb57e228d","size":132471,"path":"media/images/validation_roc_curve_5_1f042583a2050a2cbbc6.png","format":"png"},"output_success_loss":0.1781877726316452,"val_auc":0.8066869424168693,"val_output_success_loss":0.1375695914030075,"val_loss":1.1209207773208618,"test_auc":0.752861324177096,"_step":8,"loss_curve":{"sha256":"9e606a99590ea3116ccd3df90a6b9689983738dda14fa366f4db9ff1c32e4f9e","size":214271,"path":"media/images/loss_curve_3_9e606a99590ea3116ccd.png","format":"png","width":3570,"height":1765,"_type":"image-file"},"_wandb":{"runtime":96},"output_steps_loss":1.6968843936920166,"val_output_success_accuracy":0.9719069004058838,"val_rmse":1.1457768455221995,"val_large_error_rate":0.1818955732122588,"test_accuracy":0.024763135228251507,"val_accuracy":0.028093076049943246,"output_success_accuracy":0.9618255496025085,"test_mae":0.9254229068756104,"_timestamp":1.7646055026466606e+09,"val_mae":0.8894354104995728,"test_large_error_rate":0.2023040482342808,"val_output_steps_loss":1.9634088277816772}