{"test_auc":0.7344280758328537,"_timestamp":1.764588471865101e+09,"val_large_error_rate":0.14103923647932132,"loss":1.3794642686843872,"test_accuracy":0.9762379196971207,"test_mae":0.8529278635978699,"output_steps_loss":1.3130775690078735,"output_success_loss":0.13279211521148682,"loss_curve":{"sha256":"67a19caf6c3637308b4625ca924f67e6c6e27ee0ceabfb3b55bedcb4d329f785","size":169804,"path":"media/images/loss_curve_12_67a19caf6c3637308b46.png","format":"png","width":3569,"height":1765,"_type":"image-file"},"test_rmse":1.0637369809099235,"val_rmse":1.0084529881903042,"val_accuracy":0.9737539766702015,"_wandb":{"runtime":146},"val_loss":1.0900803804397583,"val_output_success_accuracy":0.9737539887428284,"_runtime":146,"val_output_steps_loss":1.0430011749267578,"val_auc":0.8195307279162437,"test_roc_curve":{"width":2107,"height":1638,"_type":"image-file","sha256":"9944d4c634d9ffe3ff24fc0132b254936e99a67ee3be7645e9d7ee2ac09b3398","size":142999,"path":"media/images/test_roc_curve_16_9944d4c634d9ffe3ff24.png","format":"png"},"_step":17,"output_success_accuracy":0.9647228121757507,"val_mae":0.8104846477508545,"test_large_error_rate":0.16010760187306963,"epoch":12,"validation_roc_curve":{"width":2107,"height":1638,"_type":"image-file","sha256":"29d78408897f5abf78a3e1f2a4507d847b51dac50f0eda1c2e8f2409c8d56352","size":126137,"path":"media/images/validation_roc_curve_14_29d78408897f5abf78a3.png","format":"png"},"val_output_success_loss":0.09948190301656723}