{"val_mae": 1.0317578315734863, "val_rmse": 1.2626203498509225, "val_accuracy": 0.9678692334899702, "val_auc": 0.8739785282004089, "val_large_error_rate": 0.2522333383861351, "test_mae": 1.0322383642196655, "test_rmse": 1.2623863697848818, "test_accuracy": 0.9678781570457353, "test_auc": 0.8762148098089947, "test_large_error_rate": 0.25354011030238416, "_timestamp": 1764166436.547488, "_runtime": 130.0094609260559, "_step": 1, "prediction_trends": {"_type": "image-file", "sha256": "f708a347f860188f3c869506cf91b2541a00e635e5a5bd63372e84bb9793644a", "size": 277190, "path": "media/images/prediction_trends_1_f708a347f860188f3c86.png", "format": "png", "width": 3569, "height": 1765}, "_wandb": {"runtime": 128}}