{"_runtime":338,"train_loss":1.385761022567749,"test_mae":0.8570836186408997,"test_roc_curve":{"path":"media/images/test_roc_curve_13_7160a868b4121754b101.png","format":"png","width":2107,"height":1638,"_type":"image-file","sha256":"7160a868b4121754b10132b09e6edc5feab9acb4ac14685dc185f72c1d061d7c","size":142817},"val_rmse":1.0322299693763255,"loss_curve":{"format":"png","width":3570,"height":1765,"_type":"image-file","sha256":"f0e3dedf3b8cb81f4234b09ccedf9d5c08466d8aa6eda572a646873a78ac7295","size":198283,"path":"media/images/loss_curve_8_f0e3dedf3b8cb81f4234.png"},"val_mae":0.824280321598053,"val_output_steps_loss":1.101539134979248,"val_roc_curve":{"width":2107,"height":1638,"_type":"image-file","sha256":"5075f40465e34936bc394bec9c1e84b11d4d18365149c0a251cb932dfe3f50ed","size":128194,"path":"media/images/val_roc_curve_11_5075f40465e34936bc39.png","format":"png"},"_step":14,"_wandb":{"runtime":338},"val_auc":0.4905633809963567,"epoch":8,"val_output_success_accuracy":0.9762135744094849,"total_epochs":8,"best_val_loss":1.1221174001693726,"test_accuracy":0.9743631436314363,"test_auc":0.4912128146829852,"test_rmse":1.0587728989251723,"val_output_success_loss":0.08361177146434784,"val_accuracy":0.9762135922330097,"val_loss":1.1294605731964111,"_timestamp":1.7645737041664507e+09}