{"graph": {"_type": "graph-file", "sha256": "3490a53ccb8c209b58e43c96407eedbf1bc03c3248a479d8d93d83cf5b3be97d", "size": 2512, "path": "media/graph/graph_summary_3490a53ccb8c209b58e4.graph.json"}, "epoch": 9, "_timestamp": 1764171925.8425941, "loss": 1.2849831581115723, "output_steps_loss": 1.2304162979125977, "output_success_loss": 0.10913300514221191, "output_success_accuracy": 0.9678035974502563, "val_loss": 1.487034797668457, "val_output_steps_loss": 1.432199239730835, "val_output_success_loss": 0.10967229306697845, "val_output_success_accuracy": 0.9677404165267944, "_runtime": 1676.8655581474304, "_step": 12, "best_val_loss": 1.467027187347412, "best_epoch": 6, "loss_curve": {"_type": "image-file", "sha256": "8bbefc8bfd3d98652c2e88df1a10e00552eb0ad7fb7238fc9e3c6066dc9f9081", "size": 203847, "path": "media/images/loss_curve_10_8bbefc8bfd3d98652c2e.png", "format": "png", "width": 3568, "height": 1767}, "val_mae": 0.975821316242218, "val_rmse": 1.1967452693580347, "val_accuracy": 0.9677403870446163, "val_auc": 0.8744674762950664, "val_large_error_rate": 0.2206886968824213, "test_mae": 0.9762125611305237, "test_rmse": 1.1964654286447807, "test_accuracy": 0.9677076254165393, "test_auc": 0.8762078672787236, "test_large_error_rate": 0.2212906844255358, "prediction_trends": {"_type": "image-file", "sha256": "34f4cb41d5e334e0c26473bbcd45b49d21b7f374be87513352eb9ac207c7a9b6", "size": 305088, "path": "media/images/prediction_trends_12_34f4cb41d5e334e0c264.png", "format": "png", "width": 3569, "height": 1765}, "_wandb": {"runtime": 1675}}