{"epoch":19,"val_auc":0.872589397625894,"output_success_loss":0.01930360496044159,"loss":0.7175819873809814,"test_rmse":1.0894117148466829,"val_output_steps_loss":1.039482593536377,"val_rmse":1.0187331543448228,"validation_roc_curve":{"_type":"image-file","sha256":"1668a3cf78007b952103af8fdcaf48ab6f96201349344cd6c92dd0811a4ddba4","size":111067,"path":"media/images/validation_roc_curve_21_1668a3cf78007b952103.png","format":"png","width":2107,"height":1638},"_runtime":55,"test_large_error_rate":0.17068619006603503,"val_mae":0.8169236183166504,"test_roc_curve":{"path":"media/images/test_roc_curve_23_af658bdf3437cb6f814f.png","format":"png","width":2107,"height":1638,"_type":"image-file","sha256":"af658bdf3437cb6f814f2fe5c1efe2dfd51fbaef36a3099c30f3d5a2c119bf36","size":128773},"test_accuracy":0.9734783232845249,"test_auc":0.7869212951851888,"val_large_error_rate":0.14599886492622022,"val_output_success_loss":0.014871730469167233,"val_output_success_accuracy":0.9710556268692017,"_step":24,"output_steps_loss":1.2990002632141113,"_wandb":{"runtime":55},"output_success_accuracy":0.9572780728340149,"val_accuracy":0.9720488081725313,"test_mae":0.8758320212364197,"_timestamp":1.7646035015847886e+09,"val_loss":0.5790696740150452,"loss_curve":{"_type":"image-file","sha256":"b170c73a6827c4cba213bc5bfbb7320c1746cf71bd43183814751da6499daaa2","size":180867,"path":"media/images/loss_curve_19_b170c73a6827c4cba213.png","format":"png","width":3570,"height":1765}}