{"test_auc":0.7597891953412417,"output_success_loss":0.175037682056427,"val_output_success_loss":0.12722985446453094,"validation_roc_curve":{"format":"png","width":2107,"height":1638,"_type":"image-file","sha256":"18db8eb69efad4b99143b6beb291cfdb04baeda65ea126f70763414d1f58fc67","size":132504,"path":"media/images/validation_roc_curve_5_18db8eb69efad4b99143.png"},"output_steps_loss":1.64075767993927,"val_output_success_accuracy":0.9719069004058838,"output_success_accuracy":0.9618327021598816,"val_auc":0.8161262257612623,"_wandb":{"runtime":100},"val_output_steps_loss":1.751654863357544,"val_mae":0.8814542293548584,"val_large_error_rate":0.1818955732122588,"val_accuracy":0.028093076049943246,"_timestamp":1.7646009995377588e+09,"loss_curve":{"width":3570,"height":1765,"_type":"image-file","sha256":"9a4cc9a0b577e9a68eded0a01c06a08a382960fff52ec0512c2015c8d408649c","size":202740,"path":"media/images/loss_curve_3_9a4cc9a0b577e9a68ede.png","format":"png"},"_runtime":100,"test_mae":0.9188259840011597,"test_rmse":1.173339488156027,"val_rmse":1.1352312245718041,"_step":8,"test_accuracy":0.024763135228251507,"test_roc_curve":{"width":2107,"height":1638,"_type":"image-file","sha256":"e21f3b25511ba8e14dbdf83accd3fe615ab1df5955ae94cbf7a73a4c293e4a76","size":144301,"path":"media/images/test_roc_curve_7_e21f3b25511ba8e14dbd.png","format":"png"},"loss":0.9955409169197083,"test_large_error_rate":0.20233993683606086,"epoch":3,"val_loss":1.0046780109405518}