{"_timestamp":1.7646363025178316e+09,"val_rmse":1.038431363129254,"loss_curve":{"format":"png","width":3568,"height":1765,"_type":"image-file","sha256":"bf53cc26a4731d63fcd2ab0e6c6dbc0be3039980fa8144784a918fb63d33cd7c","size":195160,"path":"media/images/loss_curve_24_bf53cc26a4731d63fcd2.png"},"output_success_loss":0.019519532099366188,"test_mae":0.9002702236175537,"test_auc":0.767619276951647,"val_accuracy":0.9713393870601589,"validation_roc_curve":{"format":"png","width":2107,"height":1638,"_type":"image-file","sha256":"44bb8ce1446f03dd59b54abe77c4f67f920d567b425b3ec2c9211bfa08eaca3d","size":116808,"path":"media/images/validation_roc_curve_26_44bb8ce1446f03dd59b5.png"},"loss":0.7842994332313538,"val_output_steps_loss":0.8288643956184387,"output_steps_loss":0.9377573728561401,"val_auc":0.8573055371230554,"val_mae":0.8295667171478271,"test_large_error_rate":0.18471863336204422,"test_roc_curve":{"_type":"image-file","sha256":"081a042d36047120cdcfabfedf6ef019950eb8bbd7cb592fd0b03e322491bc54","size":130736,"path":"media/images/test_roc_curve_28_081a042d36047120cdcf.png","format":"png","width":2107,"height":1638},"val_large_error_rate":0.15380249716231556,"output_success_accuracy":0.9597448706626892,"test_accuracy":0.972581108240023,"val_output_success_accuracy":0.9713394045829773,"_step":29,"epoch":24,"val_loss":0.6935232281684875,"test_rmse":1.1263929326750113,"_wandb":{"runtime":98},"val_output_success_loss":0.01541201863437891,"_runtime":98}