{"test_accuracy":0.9762379196971207,"test_large_error_rate":0.16215004483411377,"epoch":9,"_runtime":93,"loss_curve":{"size":197357,"path":"media/images/loss_curve_9_b1c662d535288899448e.png","format":"png","width":3570,"height":1765,"_type":"image-file","sha256":"b1c662d535288899448ec4edcc2a1ff97381a90abee09a54530eca27a6ad9dc9"},"test_mae":0.8630656599998474,"_timestamp":1.764589925448393e+09,"_wandb":{"runtime":93},"loss":1.3696595430374146,"_step":14,"test_roc_curve":{"width":2107,"height":1638,"_type":"image-file","sha256":"dd0729bba663ea046aba203065205ddb68ef531aa28e48f88fdb825e17d758f6","size":145891,"path":"media/images/test_roc_curve_13_dd0729bba663ea046aba.png","format":"png"},"val_large_error_rate":0.1420996818663839,"val_rmse":1.0142394371432362,"val_output_success_accuracy":0.9737539887428284,"val_loss":1.230316162109375,"val_output_steps_loss":1.1831694841384888,"test_auc":0.3672903128008405,"val_accuracy":0.9737539766702015,"val_auc":0.3891528956870639,"val_mae":0.8147243857383728,"test_rmse":1.0753426515830191,"val_output_success_loss":0.10197578370571136,"output_success_accuracy":0.9646474719047546,"validation_roc_curve":{"size":128615,"path":"media/images/validation_roc_curve_11_8899a079234867f51c32.png","format":"png","width":2107,"height":1638,"_type":"image-file","sha256":"8899a079234867f51c32b81de16dcc74cfd3cc100396d4176fdb19f6059873d8"},"output_steps_loss":1.3012930154800415,"output_success_loss":0.13748860359191895}