{"graph": {"_type": "graph-file", "sha256": "18be4865070d71cba3db94c6e4b606690e1294fe0b1a4ed0e52559af19ac9676", "size": 3006, "path": "media/graph/graph_summary_18be4865070d71cba3db.graph.json"}, "epoch": 9, "_timestamp": 1764163859.7661285, "loss": 1.2902921438217163, "output_steps_loss": 1.2349233627319336, "output_success_loss": 0.11073722690343857, "output_success_accuracy": 0.9677883982658386, "val_loss": 1.3000925779342651, "val_output_steps_loss": 1.244776725769043, "val_output_success_loss": 0.11063269525766373, "val_output_success_accuracy": 0.9678263068199158, "_runtime": 370.34323048591614, "_step": 12, "best_val_loss": 1.289604902267456, "best_epoch": 3, "loss_curve": {"_type": "image-file", "sha256": "7630e80deb9e305ca86c0f3a28fe3071b9222c4a6d57c4b17a01787e05684066", "size": 154354, "path": "media/images/loss_curve_10_7630e80deb9e305ca86c.png", "format": "png", "width": 3569, "height": 1767}, "val_mae": 0.907521665096283, "val_rmse": 1.1156888927467905, "val_accuracy": 0.9678262846748522, "val_auc": 0.8669891574457544, "val_large_error_rate": 0.18300490121772522, "test_mae": 0.907915472984314, "test_rmse": 1.115543195786678, "test_accuracy": 0.9678099443940569, "test_auc": 0.8691326481159256, "test_large_error_rate": 0.18177534794768344, "prediction_trends": {"_type": "image-file", "sha256": "1c9a05f212db07f5ec66f73d6120182b5099f04ebf7d55f9fe4d360cc4631355", "size": 343782, "path": "media/images/prediction_trends_12_1c9a05f212db07f5ec66.png", "format": "png", "width": 3569, "height": 1765}, "_wandb": {"runtime": 368}}