{"_wandb":{"runtime":737},"val_mae":0.9112775325775146,"test_large_error_rate":0.18372572450678462,"test_rmse":1.1167035421763978,"_timestamp":1.7644886174569533e+09,"_step":2,"val_accuracy":0.9669470971653782,"test_auc":0.8433186105635089,"test_accuracy":0.9669699182206098,"_runtime":737,"loss_curve":{"format":"png","width":3569,"height":1767,"_type":"image-file","sha256":"bb72975539945bb87075792f633c23dc59ba27a4502c05816f20fc8761935c00","size":203788,"path":"media/images/loss_curve_0_bb72975539945bb87075.png"},"test_mae":0.9116876721382141,"prediction_trends":{"width":3569,"height":1765,"_type":"image-file","sha256":"4eb3cf7ad0a2667bae681704da977314e16ddf1c95be76037ff20ef9f77327ea","size":311463,"path":"media/images/prediction_trends_2_4eb3cf7ad0a2667bae68.png","format":"png"},"val_large_error_rate":0.18405335758678187,"val_rmse":1.1169836218409277,"val_auc":0.842194194144215}