{"val_large_error_rate":0.16004540295119182,"output_success_accuracy":0.9618327021598816,"epoch":7,"loss_curve":{"width":3570,"height":1765,"_type":"image-file","sha256":"566c590a608338b70c1eef314bc2f45f88f2a526ed9260fbc6c3673cea0765cf","size":187631,"path":"media/images/loss_curve_7_566c590a608338b70c1e.png","format":"png"},"val_accuracy":0.9719069239500567,"loss":1.4778434038162231,"output_steps_loss":1.3993592262268066,"validation_roc_curve":{"height":1638,"_type":"image-file","sha256":"1c0289bac660f1f61d7e72ca4737ec886bdd842f94ecbb739de768e5ba01d7e7","size":129854,"path":"media/images/validation_roc_curve_9_1c0289bac660f1f61d7e.png","format":"png","width":2107},"test_large_error_rate":0.18073499856445593,"val_loss":1.3434034585952759,"test_mae":0.9055608510971069,"val_mae":0.8619091510772705,"val_output_steps_loss":1.2860928773880005,"test_auc":0.2375548931576752,"test_roc_curve":{"width":2107,"height":1638,"_type":"image-file","sha256":"97062e388e62c95779deb4b40f0f4608b769db676251f489f44c6176717eb2bb","size":144283,"path":"media/images/test_roc_curve_11_97062e388e62c95779de.png","format":"png"},"output_success_loss":0.15699993073940277,"val_auc":0.14690444591904445,"_step":12,"test_rmse":1.1237982052826896,"_wandb":{"runtime":73},"val_output_success_accuracy":0.9719069004058838,"val_rmse":1.0690788343174678,"_runtime":73,"test_accuracy":0.9752368647717485,"val_output_success_loss":0.10991037636995316,"_timestamp":1.7645909945029604e+09}