{"val_output_success_loss":0.08791483938694,"val_accuracy":0.9762135922330097,"validation_roc_curve":{"sha256":"9b4725f94c0740fd4cf40802ea76a4d821b8f020cec2a3d12157f83333ac82f5","size":123474,"path":"media/images/validation_roc_curve_16_9b4725f94c0740fd4cf4.png","format":"png","width":2107,"height":1638,"_type":"image-file"},"val_auc":0.7558910685109448,"loss":1.2911875247955322,"_runtime":69,"output_steps_loss":1.225162148475647,"_step":19,"val_rmse":1.0076100345660108,"test_accuracy":0.9743631436314363,"epoch":14,"val_output_steps_loss":1.0430681705474854,"output_success_accuracy":0.9678533673286438,"test_auc":0.7691914533498936,"val_loss":1.0892828702926636,"test_roc_curve":{"height":1638,"_type":"image-file","sha256":"dca1e2ae6177ab10ed992274200cd8f1aca0241839cac18a8dfb1d562290265d","size":142337,"path":"media/images/test_roc_curve_18_dca1e2ae6177ab10ed99.png","format":"png","width":2107},"test_rmse":1.0348101343163694,"val_mae":0.8044117093086243,"val_large_error_rate":0.14271844660194175,"test_large_error_rate":0.14932249322493224,"output_success_loss":0.13248176872730255,"val_output_success_accuracy":0.9762135744094849,"_wandb":{"runtime":69},"loss_curve":{"height":1765,"_type":"image-file","sha256":"fed5400e5bcd3a86426304fe39c6c975cf06bee04f4947c187349ab52d74606d","size":171023,"path":"media/images/loss_curve_14_fed5400e5bcd3a864263.png","format":"png","width":3570},"test_mae":0.8351929187774658,"_timestamp":1.7645787666599455e+09}