{"output_success_accuracy":0.9583935141563416,"val_rmse":1.0185655134289544,"val_loss":0.5590968132019043,"val_accuracy":0.9719069239500567,"test_rmse":1.085448724538096,"output_success_loss":0.020329151302576065,"_wandb":{"runtime":42},"val_output_success_loss":0.015229434706270695,"val_auc":0.860405515004055,"loss_curve":{"size":163349,"path":"media/images/loss_curve_10_95c0b57ed4f86b163ae9.png","format":"png","width":3570,"height":1765,"_type":"image-file","sha256":"95c0b57ed4f86b163ae953d0f0f34193640ef3c5abf8f9406965389fb1e0b68c"},"validation_roc_curve":{"size":112047,"path":"media/images/validation_roc_curve_12_487e83687ca27cf41064.png","format":"png","width":2107,"height":1638,"_type":"image-file","sha256":"487e83687ca27cf410643490410e0767b94af0b9496fe54eb104f3e0ad9c181c"},"_timestamp":1.7646026433983972e+09,"val_large_error_rate":0.14429625425652667,"test_auc":0.75898133125974,"epoch":10,"test_roc_curve":{"format":"png","width":2107,"height":1638,"_type":"image-file","sha256":"74466465061ad8b1f923c4bfbad767cb022c89eeef1ce68d06f0989f4534d8ad","size":130524,"path":"media/images/test_roc_curve_14_74466465061ad8b1f923.png"},"test_large_error_rate":0.16681022107378696,"_runtime":42,"loss":0.711611807346344,"val_output_success_accuracy":0.9721906781196594,"val_mae":0.8200128078460693,"test_accuracy":0.9752368647717485,"_step":15,"test_mae":0.8749028444290161,"val_output_steps_loss":1.060167670249939,"output_steps_loss":1.3563698530197144}