{"val_mae": 1.012073278427124, "val_rmse": 1.2421262714002885, "val_accuracy": 0.9640575329151229, "val_auc": 0.875381541855238, "large_error_rate": 0.24088006990980387, "_timestamp": 1764135759.5138512, "_runtime": 176.92939710617065, "_step": 1, "prediction_trends": {"_type": "image-file", "sha256": "3d0a282cc24ce5d96aeef7079bf3b1f28224410be5a8b6e42a78e18a7de2bcb6", "size": 322229, "path": "media/images/prediction_trends_1_3d0a282cc24ce5d96aee.png", "format": "png", "width": 3569, "height": 1765}, "_wandb": {"runtime": 175}}