{"test_auc":0.8478017800671764,"_wandb":{"runtime":429},"_timestamp":1.76447935379489e+09,"prediction_trends":{"size":313139,"path":"media/images/prediction_trends_2_1d2bf5c6dd20c5647c78.png","format":"png","width":3569,"height":1765,"_type":"image-file","sha256":"1d2bf5c6dd20c5647c78ea35329bbfab0b7036ad375067f8e8bd579e76ab5061"},"val_rmse":1.1156525103599129,"test_large_error_rate":0.1827050611261151,"test_rmse":1.115381394831918,"val_mae":0.9095351099967957,"loss_curve":{"height":1767,"_type":"image-file","sha256":"6ddb8967b45871cb39906b1e651cd8fb457062beacec0abd203e60c173870941","size":164861,"path":"media/images/loss_curve_0_6ddb8967b45871cb3990.png","format":"png","width":3569},"_step":2,"_runtime":429,"val_auc":0.8455508727879342,"test_mae":0.9099886417388916,"val_large_error_rate":0.1833080693244404,"val_accuracy":0.9675458541761407,"test_accuracy":0.9675661473241692}