{"val_accuracy":0.9719069239500567,"val_large_error_rate":0.14429625425652667,"test_mae":0.8745748996734619,"val_output_success_loss":0.13248036801815033,"_timestamp":1.7645974632596114e+09,"val_output_success_accuracy":0.9719069004058838,"loss_curve":{"_type":"image-file","sha256":"5b7415e30b7d166e702d29bbab54c92a6e61f5d38742275908f095d68511264e","size":172445,"path":"media/images/loss_curve_13_5b7415e30b7d166e702d.png","format":"png","width":3569,"height":1765},"_step":18,"test_auc":0.23071638170757852,"loss":1.4614417552947998,"validation_roc_curve":{"size":129598,"path":"media/images/validation_roc_curve_15_dfd0bab6f20fa1496ca7.png","format":"png","width":2107,"height":1638,"_type":"image-file","sha256":"dfd0bab6f20fa1496ca778cee11643908f2b33419d9557c785e129f98f6768d9"},"epoch":13,"val_output_steps_loss":1.061118721961975,"test_rmse":1.0895220100451963,"val_auc":0.1320231512202315,"_wandb":{"runtime":34},"output_steps_loss":1.3759523630142212,"output_success_loss":0.17030403017997742,"test_large_error_rate":0.1692865345966121,"_runtime":34,"val_mae":0.819922924041748,"output_success_accuracy":0.9618327021598816,"test_accuracy":0.9752368647717485,"val_loss":1.1291930675506592,"test_roc_curve":{"size":143247,"path":"media/images/test_roc_curve_17_980ac0e10e6418682ac7.png","format":"png","width":2107,"height":1638,"_type":"image-file","sha256":"980ac0e10e6418682ac77f48d734cbca7f526f4ff79c0d0aee0bbb32f5852839"},"val_rmse":1.0214964535876165}