{"test_auc":0.22803441695653237,"_step":18,"loss":1.4376412630081177,"_timestamp":1.7645907904918563e+09,"val_loss":1.2227662801742554,"val_mae":0.825160026550293,"test_accuracy":0.9752368647717485,"output_steps_loss":1.3568781614303589,"epoch":13,"loss_curve":{"size":176411,"path":"media/images/loss_curve_13_c1211b65fe0b34f86372.png","format":"png","width":3569,"height":1765,"_type":"image-file","sha256":"c1211b65fe0b34f863724045a0213572e419a9207fbc2155c2e6598fe340b11a"},"val_output_success_loss":0.11883390694856644,"val_large_error_rate":0.14188422247446084,"test_roc_curve":{"width":2107,"height":1638,"_type":"image-file","sha256":"6805da7d5a558661f9db1a1edae59236fa5073b41dc5e6a37f7455a00588d7e8","size":144200,"path":"media/images/test_roc_curve_17_6805da7d5a558661f9db.png","format":"png"},"output_success_accuracy":0.9618327021598816,"validation_roc_curve":{"width":2107,"height":1638,"_type":"image-file","sha256":"40252f461b0f608387031909c5551ed557e078fc582553476320e3e5154479f8","size":129777,"path":"media/images/validation_roc_curve_15_40252f461b0f60838703.png","format":"png"},"val_accuracy":0.9719069239500567,"val_auc":0.13378345498783453,"val_output_success_accuracy":0.9719069004058838,"test_rmse":1.0811354581988857,"val_output_steps_loss":1.161113977432251,"_runtime":122,"test_mae":0.871021032333374,"val_rmse":1.026678413802809,"test_large_error_rate":0.1667743324720069,"_wandb":{"runtime":122},"output_success_loss":0.1610782891511917}