{"_runtime":152,"test_smart_acc":0.902247191011236,"val_output_steps_loss":0.8499621152877808,"test_smart_miss_rate":0.4624277456647399,"val_loss":0.7096996903419495,"_step":29,"val_output_success_accuracy":0.9724754691123962,"output_success_loss":0.017751002684235573,"loss":0.7608289122581482,"_timestamp":1.7651121260676768e+09,"test_mae":0.8165823817253113,"output_steps_loss":0.9108188152313232,"_wandb":{"runtime":152},"optimal_threshold":0.6800000000000002,"val_mae":0.848638653755188,"output_success_accuracy":0.9610546231269836,"val_smart_miss_rate":0.4547707558859975,"val_output_success_loss":0.015630289912223816,"val_auc":0.8353390006637038,"test_auc":0.861312712277678,"val_smart_acc":0.8887409076938838}