{"_step":17,"test_mae":0.8386029005050659,"val_output_success_loss":0.07846690714359283,"val_auc":0.7779178802301627,"output_success_loss":0.11790645867586136,"output_success_accuracy":0.9678204655647278,"loss_curve":{"path":"media/images/loss_curve_12_cdf33355ba591574d46b.png","format":"png","width":3570,"height":1765,"_type":"image-file","sha256":"cdf33355ba591574d46bcc8be083c87450c66869c263da8139b0d96f704f7408","size":188102},"test_roc_curve":{"path":"media/images/test_roc_curve_16_036d45b34afe6718dddb.png","format":"png","width":2107,"height":1638,"_type":"image-file","sha256":"036d45b34afe6718dddba0a827479858203b663b4f23b830a2a3967607889c71","size":141174},"val_loss":1.110429286956787,"val_output_steps_loss":1.0646848678588867,"val_large_error_rate":0.1436893203883495,"epoch":12,"test_rmse":1.03702684206972,"test_large_error_rate":0.14959349593495935,"val_rmse":1.0088428878088054,"val_output_success_accuracy":0.9762135744094849,"_wandb":{"runtime":60},"val_mae":0.8069519400596619,"test_accuracy":0.9743631436314363,"_timestamp":1.7645793408495357e+09,"_runtime":60,"test_auc":0.8082228278299227,"loss":1.2637083530426025,"val_accuracy":0.9762135922330097,"validation_roc_curve":{"path":"media/images/validation_roc_curve_14_cae32b42ca2fc6a9de46.png","format":"png","width":2107,"height":1638,"_type":"image-file","sha256":"cae32b42ca2fc6a9de467e81db6fc2689252df5e3a7e8fddff1e5d5762f6828a","size":122752},"output_steps_loss":1.2048659324645996}