{"graph": {"_type": "graph-file", "sha256": "d510aec9bb01e7bd0d6a12c8ceeb4e6452ed281673ece94ee35d126e3f3edf06", "size": 2793, "path": "media/graph/graph_summary_d510aec9bb01e7bd0d6a.graph.json"}, "epoch": 8, "_timestamp": 1764299309.4272923, "loss": 1.2405256032943726, "output_steps_loss": 1.2325570583343506, "output_success_loss": 0.015938157215714455, "output_success_accuracy": 0.9623992443084717, "val_loss": 1.273539423942566, "val_output_steps_loss": 1.2653250694274902, "val_output_success_loss": 0.0164277795702219, "val_output_success_accuracy": 0.9674700498580933, "_runtime": 2161.149280309677, "_step": 11, "best_val_loss": 1.2431014776229858, "best_epoch": 4, "loss_curve": {"_type": "image-file", "sha256": "fb6a129a85387ac976e037fc9296c649c451f8f54009f916d28a248b2d2b9bb6", "size": 191772, "path": "media/images/loss_curve_9_fb6a129a85387ac976e0.png", "format": "png", "width": 3568, "height": 1767}, "val_mae": 0.9052650332450867, "val_rmse": 1.1113216353027506, "val_accuracy": 0.9650245060886261, "val_auc": 0.8664241010890912, "val_large_error_rate": 0.18106715173563742, "test_mae": 0.9055938720703125, "test_rmse": 1.1109719937706297, "test_accuracy": 0.9651180710472663, "test_auc": 0.8686603473123945, "test_large_error_rate": 0.18039719974432888, "prediction_trends": {"_type": "image-file", "sha256": "e091f3816930cc3a718fe555b8b3ae18959f6023f77ffc90732a0fe112ceb36e", "size": 317629, "path": "media/images/prediction_trends_11_e091f3816930cc3a718f.png", "format": "png", "width": 3569, "height": 1765}, "_wandb": {"runtime": 2159}}