{"graph": {"_type": "graph-file", "sha256": "d510aec9bb01e7bd0d6a12c8ceeb4e6452ed281673ece94ee35d126e3f3edf06", "size": 2793, "path": "media/graph/graph_summary_d510aec9bb01e7bd0d6a.graph.json"}, "epoch": 4, "_timestamp": 1764211727.316947, "loss": 1.2931283712387085, "output_steps_loss": 1.2372968196868896, "output_success_loss": 0.11166052520275116, "output_success_accuracy": 0.9675386548042297, "val_loss": 1.3608088493347168, "val_output_steps_loss": 1.3052988052368164, "val_output_success_loss": 0.1110197976231575, "val_output_success_accuracy": 0.9676746726036072, "_runtime": 1234.1714310646057, "_step": 7, "best_val_loss": 1.3235838413238525, "best_epoch": 0, "loss_curve": {"_type": "image-file", "sha256": "e411ca5796bd383bc75e0e25803168e345b4d7056016f965ef707661c3611479", "size": 177923, "path": "media/images/loss_curve_5_e411ca5796bd383bc75e.png", "format": "png", "width": 3569, "height": 1767}, "val_mae": 0.9164091944694519, "val_rmse": 1.1247314026518807, "val_accuracy": 0.9663736041635087, "val_auc": 0.8484670518574953, "val_large_error_rate": 0.18693345460057603, "test_mae": 0.916763186454773, "test_rmse": 1.1243283067966552, "test_accuracy": 0.9665012720396341, "test_auc": 0.8502902366139494, "test_large_error_rate": 0.18630643649528447, "prediction_trends": {"_type": "image-file", "sha256": "8ace66458f472e545df03adac663de3a09a07ed3dc4462be36f543448ee81dea", "size": 315037, "path": "media/images/prediction_trends_7_8ace66458f472e545df0.png", "format": "png", "width": 3569, "height": 1765}, "_wandb": {"runtime": 1232}}