{"val_output_steps_loss":0.869106650352478,"test_rmse":1.0337074938041646,"validation_roc_curve":{"path":"media/images/validation_roc_curve_15_8ca583d5c3241d838983.png","format":"png","width":2107,"height":1638,"_type":"image-file","sha256":"8ca583d5c3241d83898307d4aebef3d110999b7ec2ebb3cf76ae9f2b277b3454","size":130240},"val_large_error_rate":0.15688283304306253,"epoch":14,"output_steps_loss":0.8998406529426575,"output_success_loss":0.018044548109173775,"val_auc":0.8349844335097814,"test_scatter":{"sha256":"14ffea2067b19f071ce5af08f1d454e79f5e4bff0c2a1772ccdbb7b4b5340018","size":1740711,"path":"media/images/test_scatter_17_14ffea2067b19f071ce5.png","format":"png","width":2811,"height":2365,"_type":"image-file"},"_wandb":{"runtime":95},"_runtime":95,"val_output_success_accuracy":0.9724754691123962,"val_loss":0.7264639735221863,"val_output_success_loss":0.01577579975128174,"test_accuracy":0.9731942215088283,"output_success_accuracy":0.9618219137191772,"_step":18,"val_accuracy":0.9725779462486767,"_timestamp":1.7650813709961174e+09,"loss":0.7539120316505432,"test_auc":0.8595243071361565,"test_roc_curve":{"format":"png","width":2107,"height":1638,"_type":"image-file","sha256":"7b28bfbac0933d69347c9c4a6307e0de59a19cc1ba090ee0558bb24077dcb700","size":113833,"path":"media/images/test_roc_curve_17_7b28bfbac0933d69347c.png"},"test_mae":0.8251425623893738,"val_rmse":1.062414446359534,"validation_scatter":{"format":"png","width":2811,"height":2365,"_type":"image-file","sha256":"8035b4eb72d45d9b934d75c391588db3a263e2228ef499d49c26f2bf55d53d56","size":2474351,"path":"media/images/validation_scatter_15_8035b4eb72d45d9b934d.png"},"val_mae":0.8556621074676514,"test_large_error_rate":0.14542536115569824}