{"_runtime":64,"_wandb":{"runtime":64},"_timestamp":1.76463504031466e+09,"epoch":24,"test_large_error_rate":0.18371375251220212,"val_output_steps_loss":0.8282846212387085,"test_accuracy":0.9718992248062015,"val_mae":0.8277155756950378,"test_rmse":1.1240845770493288,"val_output_success_accuracy":0.9711974859237671,"test_auc":0.7776601781540966,"val_rmse":1.0368877971611357,"val_loss":0.44196152687072754,"test_mae":0.8983522057533264,"test_roc_curve":{"_type":"image-file","sha256":"6002000cfe13fd445aeff25a7b1e56cea5829b4d8f2ce5a718499b18e977b1d0","size":128901,"path":"media/images/test_roc_curve_28_6002000cfe13fd445aef.png","format":"png","width":2107,"height":1638},"loss":0.4991343915462494,"loss_curve":{"size":199811,"path":"media/images/loss_curve_24_94fabe8c2978394d6da6.png","format":"png","width":3568,"height":1765,"_type":"image-file","sha256":"94fabe8c2978394d6da6d1edda0a39b360bcd34aad1074437d6091f593e973ae"},"val_large_error_rate":0.15209988649262202,"val_auc":0.8631165671311658,"output_steps_loss":0.9348575472831726,"validation_roc_curve":{"format":"png","width":2107,"height":1638,"_type":"image-file","sha256":"367571783e28c4523d51beaa973bf2b45e9a66b108ebe00db3b85ab88ebaad91","size":112381,"path":"media/images/validation_roc_curve_26_367571783e28c4523d51.png"},"output_success_loss":0.019343391060829163,"output_success_accuracy":0.9600237607955933,"val_output_success_loss":0.015233096666634083,"_step":29,"val_accuracy":0.9713393870601589}