{"test_mae":0.9035224914550781,"test_large_error_rate":0.179233795074036,"_timestamp":1.7644866302471373e+09,"test_accuracy":0.9603975029116697,"_step":2,"val_mae":0.9030601978302002,"_runtime":1939,"test_rmse":1.110319460871978,"val_large_error_rate":0.17991763933100904,"val_accuracy":0.9599135970895861,"val_rmse":1.1104356772469612,"_wandb":{"runtime":1939},"test_auc":0.8663833890514513,"val_auc":0.8645469606712796,"prediction_trends":{"format":"png","width":3569,"height":1765,"_type":"image-file","sha256":"766c1d3c1234b8415e2cb481088d20b15ea033dbe553b77a338a76055857920f","size":321771,"path":"media/images/prediction_trends_2_766c1d3c1234b8415e2c.png"},"loss_curve":{"sha256":"7cfc230fac6b60638e06b41e0a50d8293176b6c50caf34934f31044d73c379e3","size":160320,"path":"media/images/loss_curve_0_7cfc230fac6b60638e06.png","format":"png","width":3569,"height":1767,"_type":"image-file"}}