{"loss_curve":{"height":1765,"_type":"image-file","sha256":"641ab66ca53beb1bd5e24e3e16852c9604f6a5b806cd53e1b896cc6c6c9bd424","size":203555,"path":"media/images/loss_curve_7_641ab66ca53beb1bd5e2.png","format":"png","width":3570},"val_auc":0.8222347563223477,"test_large_error_rate":0.1833189778926213,"_runtime":307,"_step":12,"output_steps_loss":1.4248392581939697,"test_accuracy":0.9752368647717485,"output_success_loss":0.14025668799877167,"test_roc_curve":{"sha256":"1696266e5c26487df875e85a579597f690b8305a15cad140cc25b5044de86dd8","size":143450,"path":"media/images/test_roc_curve_11_1696266e5c26487df875.png","format":"png","width":2107,"height":1638,"_type":"image-file"},"val_output_success_loss":0.09995546191930771,"val_rmse":1.0697558549621353,"validation_roc_curve":{"sha256":"851026f2b73493cc037d7dd4681923be120ea8aa3d0b885149b6d7a550c456fc","size":127030,"path":"media/images/validation_roc_curve_9_851026f2b73493cc037d.png","format":"png","width":2107,"height":1638,"_type":"image-file"},"output_success_accuracy":0.9618327021598816,"test_rmse":1.1277854133581326,"_timestamp":1.76459850883502e+09,"test_auc":0.7408045894253138,"test_mae":0.9084375500679016,"loss":0.8527395725250244,"val_loss":0.7635327577590942,"val_mae":0.8648496866226196,"val_large_error_rate":0.16174801362088537,"_wandb":{"runtime":307},"epoch":7,"val_output_steps_loss":1.3243207931518555,"val_output_success_accuracy":0.9719069004058838,"val_accuracy":0.9719069239500567}